total_t,total_$
577,28036259
579,28076259
576,28097525
558,28112352
581,28116259
582,28136259
560,28152352
583,28156259
561,28172352
584,28176259
580,28177525
560,28177952
562,28192352
585,28196259
581,28197525
563,28212352
586,28216259
582,28217525
564,28232352
587,28236259
583,28237525
565,28252352
584,28257525
566,28272352
589,28276259
585,28277525
567,28292352
584,28294863
590,28296259
586,28297525
568,28312352
564,28313618
591,28316259
587,28317525
576,28332240
569,28332352
572,28333506
582,28336129
592,28336259
588,28337525
570,28352352
566,28353618
583,28356129
593,28356259
589,28357525
571,28372352
574,28373506
594,28376259
590,28377525
556,28388334
572,28392352
575,28393506
568,28393618
589,28394863
595,28396259
591,28397525
570,28397700
580,28412240
573,28412352
576,28413506
569,28413618
590,28414863
596,28416259
592,28417525
571,28417700
576,28427005
558,28428334
581,28432240
574,28432352
577,28433506
570,28433618
566,28436118
587,28436129
597,28436259
593,28437525
572,28437700
559,28448334
582,28452240
575,28452352
571,28453618
598,28456259
594,28457525
573,28457700
578,28467005
560,28468334
583,28472240
576,28472352
579,28473506
572,28473618
593,28474863
568,28476118
589,28476129
599,28476259
595,28477525
574,28477700
579,28487005
561,28488334
584,28492240
577,28492352
580,28493506
573,28493618
569,28496118
600,28496259
596,28497525
575,28497700
576,28497952
580,28507005
562,28508334
578,28512352
581,28513506
574,28513618
570,28516118
591,28516129
601,28516259
597,28517525
576,28517700
581,28527005
563,28528334
586,28532240
579,28532352
582,28533506
575,28533618
571,28536118
592,28536129
602,28536259
598,28537525
577,28537700
578,28537952
583,28541956
582,28547005
564,28548334
587,28552240
580,28552352
583,28553506
576,28553618
572,28556118
593,28556129
603,28556259
599,28557525
578,28557700
580,28563222
564,28566029
583,28567005
565,28568334
588,28572240
581,28572352
584,28573506
577,28573618
598,28574863
573,28576118
594,28576129
604,28576259
600,28577525
579,28577700
581,28583222
584,28587005
566,28588334
589,28592240
582,28592352
585,28593506
578,28593618
599,28594863
573,28595047
574,28596118
595,28596129
605,28596259
601,28597525
580,28597700
572,28601490
585,28607005
567,28608334
563,28609600
590,28612240
583,28612352
586,28613506
579,28613618
559,28614045
600,28614863
575,28616118
596,28616129
606,28616259
602,28617525
581,28617700
582,28617952
584,28618854
570,28622986
580,28623299
586,28627005
568,28628334
591,28632240
584,28632352
587,28633506
580,28633618
560,28634045
575,28635047
576,28636118
597,28636129
607,28636259
571,28636313
603,28637525
589,28637588
582,28637700
583,28637952
579,28639218
588,28641956
584,28643222
587,28647005
569,28648334
565,28649600
592,28652240
585,28652352
588,28653506
581,28653618
602,28654863
577,28656118
598,28656129
608,28656259
604,28657525
583,28657700
584,28657952
586,28658854
579,28658966
580,28659218
589,28661956
585,28663222
588,28667005
570,28668334
566,28669600
593,28672240
586,28672352
589,28673506
582,28673618
562,28674045
603,28674863
578,28676118
599,28676129
609,28676259
605,28677525
584,28677700
585,28677952
581,28679218
576,28681466
590,28681956
586,28683222
589,28687005
582,28687667
585,28688271
571,28688334
567,28689600
594,28692240
587,28692352
590,28693506
583,28693618
563,28694045
578,28695047
579,28696118
600,28696129
610,28696259
606,28697525
585,28697700
586,28697952
582,28699218
577,28701490
591,28701956
587,28703222
576,28706444
590,28707005
572,28708334
568,28709600
595,28712240
588,28712352
591,28713506
584,28713618
564,28714045
605,28714863
580,28716118
611,28716259
607,28717525
586,28717700
587,28717952
583,28719218
592,28721956
574,28722756
588,28723222
577,28726444
591,28727005
584,28727667
573,28728334
569,28729600
614,28730911
610,28732177
596,28732240
589,28732352
592,28733506
585,28733618
565,28734045
581,28736118
602,28736129
612,28736259
576,28736313
608,28737525
587,28737700
588,28737952
584,28739218
579,28741466
579,28741490
589,28743222
577,28744763
592,28747005
585,28747667
574,28748334
581,28748933
570,28749600
597,28752240
590,28752352
593,28753506
586,28753618
566,28754045
562,28755311
582,28756118
603,28756129
613,28756259
609,28757525
588,28757700
589,28757952
585,28759218
570,28761361
580,28761490
594,28761956
590,28763222
547,28764212
579,28766444
593,28767005
589,28768271
575,28768334
571,28769600
598,28772240
591,28772352
594,28773506
587,28773618
567,28774045
582,28775047
583,28776118
604,28776129
614,28776259
578,28776313
610,28777525
589,28777700
590,28777952
586,28779218
581,28781490
595,28781956
591,28783222
594,28787005
590,28788271
576,28788334
572,28789600
586,28790771
599,28792240
592,28792352
595,28793506
588,28793618
574,28793681
568,28794045
564,28795311
584,28796118
605,28796129
615,28796259
611,28797525
590,28797700
591,28797952
586,28798966
587,28799218
576,28800095
583,28801096
582,28801466
578,28802756
592,28803222
549,28804212
581,28806444
595,28807005
591,28808271
577,28808334
573,28809600
561,28811141
600,28812240
593,28812352
596,28813506
589,28813618
575,28813681
569,28814045
584,28815047
585,28816118
606,28816129
580,28816313
612,28817525
591,28817700
592,28817952
588,28819218
583,28821490
597,28821956
580,28822986
593,28823222
550,28824212
582,28826444
596,28827005
589,28827667
599,28828159
592,28828271
578,28828334
613,28829516
574,28829600
562,28831141
601,28832240
594,28832352
597,28833506
590,28833618
576,28833681
570,28834045
585,28835047
566,28835311
586,28836118
607,28836129
617,28836259
581,28836313
613,28837525
592,28837700
596,28837874
593,28837952
589,28839218
578,28840095
585,28841096
584,28841466
584,28841490
598,28841956
580,28842756
581,28842986
594,28843222
551,28844212
583,28846444
597,28847005
593,28848271
579,28848334
586,28848933
575,28849600
589,28850771
610,28850782
563,28851141
602,28852240
595,28852352
598,28853506
591,28853618
577,28853681
571,28854045
586,28855047
567,28855311
587,28856118
608,28856129
618,28856259
582,28856313
614,28857525
593,28857700
594,28857952
589,28858966
590,28859218
579,28860095
585,28861490
599,28861956
581,28862756
582,28862986
595,28863222
584,28866444
598,28867005
591,28867667
580,28868334
576,28869600
564,28871141
617,28872177
603,28872240
596,28872352
599,28873506
592,28873618
578,28873681
572,28874045
587,28875047
568,28875311
588,28876118
619,28876259
583,28876313
615,28877525
594,28877700
598,28877874
595,28877952
597,28878854
591,28879218
570,28879392
593,28879815
586,28881490
600,28881956
583,28882986
596,28883222
553,28884212
585,28886444
599,28887005
595,28888271
581,28888334
588,28888933
577,28889600
591,28890771
565,28891141
604,28892240
597,28892352
600,28893506
593,28893618
579,28893681
573,28894045
614,28894863
588,28895047
569,28895311
589,28896118
584,28896313
616,28897525
595,28897700
599,28897874
596,28897952
591,28898966
592,28899218
594,28899815
588,28901096
587,28901466
587,28901490
583,28902756
584,28902986
597,28903222
554,28904212
580,28904252
586,28906444
600,28907005
596,28908271
582,28908334
589,28908933
578,28909600
566,28911141
605,28912240
598,28912352
601,28913506
594,28913618
580,28913681
574,28914045
589,28915047
570,28915311
590,28916118
621,28916259
585,28916313
617,28917525
596,28917700
597,28917952
592,28918966
593,28919218
589,28921096
588,28921490
602,28921956
584,28922756
585,28922986
598,28923222
555,28924212
587,28926444
601,28927005
594,28927667
597,28928271
583,28928334
577,28928698
590,28928933
579,28929600
567,28931141
620,28932177
606,28932240
599,28932352
563,28932407
602,28933506
595,28933618
581,28933681
575,28934045
590,28935047
571,28935311
591,28936118
622,28936259
586,28936313
587,28937384
573,28937472
618,28937525
597,28937700
598,28937952
594,28939218
573,28939392
590,28941096
585,28942756
586,28942986
599,28943222
556,28944212
583,28946029
588,28946444
602,28947005
598,28948271
584,28948334
578,28948698
591,28948933
580,28949600
594,28950771
568,28951141
621,28952177
607,28952240
600,28952352
603,28953506
596,28953618
582,28953681
576,28954045
617,28954863
578,28954947
591,28955047
572,28955311
592,28956118
623,28956259
587,28956313
588,28957384
619,28957525
598,28957700
599,28957952
595,28959218
574,28959392
591,28961096
590,28961490
604,28961956
586,28962756
587,28962986
600,28963222
557,28964212
583,28964252
588,28964763
589,28966444
603,28967005
599,28968271
585,28968334
592,28968933
581,28969600
595,28970771
569,28971141
608,28972240
601,28972352
604,28973506
597,28973618
583,28973681
577,28974045
592,28975047
573,28975311
593,28976118
624,28976259
588,28976313
575,28977472
620,28977525
599,28977700
603,28977874
600,28977952
596,28979218
585,28980095
592,28981096
591,28981490
605,28981956
599,28982320
587,28982756
588,28982986
601,28983222
558,28984212
584,28984252
585,28986029
590,28986444
604,28987005
600,28988271
586,28988334
593,28988933
582,28989600
596,28990771
570,28991141
623,28992177
609,28992240
601,28992250
602,28992352
605,28993506
598,28993618
584,28993681
578,28994045
593,28995047
574,28995311
594,28996118
615,28996129
625,28996259
589,28996313
590,28997384
621,28997525
600,28997700
601,28997952
596,28998966
597,28999218
593,29001096
592,29001466
592,29001490
606,29001956
588,29002756
589,29002986
559,29004212
585,29004252
590,29004763
586,29006029
591,29006444
605,29007005
598,29007667
601,29008271
587,29008334
581,29008698
594,29008933
583,29009600
597,29010771
618,29010782
571,29011141
624,29012177
610,29012240
603,29012352
567,29012407
581,29012425
606,29013506
599,29013618
585,29013681
579,29014045
620,29014863
581,29014947
594,29015047
575,29015311
595,29016118
626,29016259
590,29016313
591,29017384
577,29017472
622,29017525
601,29017700
602,29017952
573,29018738
598,29019218
577,29019392
600,29019815
594,29021096
593,29021466
593,29021490
589,29022756
590,29022986
603,29023222
597,29023586
560,29024212
586,29024252
591,29024763
574,29025793
587,29026029
592,29026444
606,29027005
588,29027710
602,29028271
588,29028334
582,29028698
595,29028933
584,29029600
598,29030771
572,29031141
611,29032240
604,29032352
568,29032407
582,29032425
607,29033506
600,29033618
586,29033681
580,29034045
595,29035047
576,29035311
596,29036118
627,29036259
591,29036313
623,29037525
602,29037700
603,29037952
598,29038966
599,29039218
601,29039815
595,29041096
594,29041490
591,29042362
590,29042756
591,29042986
604,29043222
561,29044212
592,29044763
557,29045478
593,29046444
607,29047005
600,29047667
610,29048159
603,29048271
589,29048334
583,29048698
596,29048933
585,29049600
599,29050771
630,29050911
573,29051141
626,29052177
612,29052240
605,29052352
569,29052407
583,29052425
608,29053506
601,29053618
587,29053681
581,29054045
583,29054947
596,29055047
577,29055311
597,29056118
628,29056259
592,29056313
571,29056488
579,29057472
624,29057525
603,29057700
604,29057952
575,29058738
599,29058966
600,29059218
596,29061096
595,29061466
595,29061490
609,29061956
591,29062756
592,29062986
605,29063222
562,29064212
589,29066029
594,29066444
608,29067005
601,29067667
604,29068271
590,29068334
584,29068698
586,29069600
600,29070771
574,29071141
606,29072352
570,29072407
584,29072425
609,29073506
602,29073618
588,29073681
582,29074045
597,29075047
578,29075311
598,29076118
629,29076259
593,29076313
625,29077525
604,29077700
605,29077952
576,29078136
600,29078966
601,29079218
580,29079392
590,29080095
597,29081096
596,29081466
596,29081490
610,29081956
592,29082756
593,29082986
572,29083183
606,29083222
563,29084212
589,29084252
559,29085478
590,29086029
595,29086444
609,29087005
591,29087710
612,29088159
605,29088271
591,29088334
585,29088698
598,29088933
587,29089600
601,29090771
575,29091141
614,29092240
607,29092352
571,29092407
585,29092425
610,29093506
603,29093618
589,29093681
583,29094045
585,29094947
598,29095047
579,29095311
599,29096118
630,29096259
594,29096313
595,29097384
581,29097472
626,29097525
605,29097700
606,29097952
577,29098738
601,29098966
602,29099218
581,29099392
597,29099415
598,29101096
597,29101490
593,29102756
594,29102986
607,29103222
564,29104212
590,29104252
578,29105793
591,29106029
596,29106444
610,29107005
592,29107710
606,29108271
592,29108334
586,29108698
599,29108933
588,29109600
582,29109964
602,29110771
576,29111141
594,29111791
615,29112240
608,29112352
572,29112407
586,29112425
611,29113506
604,29113618
590,29113681
584,29114045
599,29115047
580,29115311
589,29115796
600,29116118
621,29116129
631,29116259
595,29116313
574,29116488
582,29117472
627,29117525
606,29117700
607,29117952
578,29118136
578,29118738
603,29119218
582,29119392
599,29121096
598,29121466
598,29121490
594,29122756
595,29122986
574,29123183
608,29123222
565,29124212
591,29124252
596,29124763
579,29125793
592,29126029
597,29126444
611,29127005
593,29127710
607,29128271
593,29128334
587,29128698
600,29128933
628,29129516
563,29129559
589,29129600
603,29130771
577,29131141
616,29132240
609,29132352
573,29132407
587,29132425
612,29133506
605,29133618
591,29133681
606,29133870
585,29134045
600,29135047
581,29135311
601,29136118
632,29136259
596,29136313
583,29137472
628,29137525
607,29137700
608,29137952
579,29138738
604,29139218
583,29139392
600,29141096
599,29141466
595,29142756
596,29142986
609,29143222
566,29144212
592,29144252
597,29144763
562,29145478
593,29146029
598,29146444
612,29147005
580,29147187
594,29147710
608,29148271
594,29148334
588,29148698
601,29148933
564,29149559
590,29149600
604,29150771
625,29150782
578,29151141
617,29152240
610,29152352
574,29152407
588,29152425
613,29153506
606,29153618
592,29153681
586,29154045
601,29155047
582,29155311
602,29156118
633,29156259
597,29156313
576,29156488
584,29157472
629,29157525
608,29157700
612,29157874
609,29157952
580,29158738
604,29158966
605,29159218
584,29159392
594,29160095
601,29161096
590,29161361
600,29161490
596,29162756
597,29162986
567,29164212
593,29164252
594,29166029
599,29166444
613,29167005
591,29167078
595,29167710
609,29168271
595,29168334
589,29168698
602,29168933
591,29169600
605,29170771
579,29171141
611,29172352
575,29172407
589,29172425
614,29173506
607,29173618
593,29173681
587,29174045
602,29175047
583,29175311
603,29176118
634,29176259
598,29176313
577,29176488
585,29177472
630,29177525
609,29177700
610,29177952
581,29178738
606,29179218
585,29179392
601,29179415
552,29180193
602,29181096
591,29181361
601,29181466
601,29181490
597,29182756
598,29182986
577,29183183
611,29183222
568,29184212
594,29184252
564,29185478
582,29185793
600,29186444
614,29187005
596,29187710
610,29188271
596,29188334
590,29188698
603,29188933
592,29189600
606,29190771
601,29190966
580,29191141
619,29192240
612,29192352
576,29192407
590,29192425
615,29193506
608,29193618
594,29193681
588,29194045
629,29194863
603,29195047
584,29195311
604,29196118
635,29196259
599,29196313
578,29196488
586,29197472
631,29197525
610,29197700
588,29197772
611,29197952
582,29198136
582,29198738
571,29198864
606,29198966
607,29199218
586,29199392
553,29200193
603,29201096
602,29201466
598,29202756
599,29202986
612,29203222
569,29204212
595,29204252
565,29205478
583,29205793
596,29206029
601,29206444
615,29207005
583,29207187
597,29207710
611,29208271
597,29208334
591,29208698
593,29209600
607,29210771
638,29210911
581,29211141
599,29211791
620,29212240
613,29212352
577,29212407
591,29212425
616,29213506
609,29213618
595,29213681
589,29214045
591,29214947
604,29215047
585,29215311
605,29216118
626,29216129
636,29216259
600,29216313
587,29217472
632,29217525
611,29217700
612,29217952
583,29218136
583,29218738
607,29218966
608,29219218
587,29219392
610,29219815
554,29220193
599,29220681
604,29221096
603,29221466
599,29222756
600,29222986
613,29223222
607,29223586
570,29224212
596,29224252
566,29225478
584,29225793
597,29226029
602,29226444
616,29227005
594,29227078
609,29227667
598,29227710
562,29227978
619,29228159
612,29228271
598,29228334
580,29228453
592,29228698
568,29229559
594,29229600
608,29230771
629,29230782
582,29231141
621,29232240
614,29232352
578,29232407
592,29232425
617,29233506
610,29233618
596,29233681
590,29234045
631,29234863
605,29235047
586,29235311
596,29236013
606,29236118
627,29236129
637,29236259
601,29236313
588,29237472
633,29237525
612,29237700
613,29237952
584,29238136
584,29238738
573,29238864
609,29239218
588,29239392
555,29240193
605,29241096
604,29241490
601,29242362
600,29242756
601,29242986
614,29243222
571,29244212
597,29244252
602,29244763
567,29245478
585,29245793
598,29246029
603,29246444
617,29247005
595,29247078
585,29247187
599,29247710
563,29247978
613,29248271
599,29248334
593,29248698
606,29248933
595,29249600
608,29249700
589,29249964
609,29250771
583,29251141
622,29252240
615,29252352
579,29252407
593,29252425
618,29253506
611,29253618
597,29253681
612,29253870
591,29254045
606,29255047
587,29255311
607,29256118
628,29256129
602,29256313
581,29256488
589,29257472
634,29257525
613,29257700
617,29257874
614,29257952
585,29258136
585,29258738
574,29258864
610,29259218
589,29259392
556,29260193
585,29260658
606,29261096
595,29261361
605,29261490
601,29262756
602,29262986
572,29264212
598,29264252
577,29264449
608,29264565
603,29264763
568,29265478
586,29265793
599,29266029
604,29266444
618,29267005
582,29267059
596,29267078
600,29267710
564,29267978
614,29268271
600,29268334
582,29268453
594,29268698
570,29269559
596,29269600
590,29269964
610,29270771
605,29270966
584,29271141
637,29272177
623,29272240
616,29272352
580,29272407
594,29272425
619,29273506
612,29273618
598,29273681
592,29274045
594,29274947
607,29275047
588,29275311
608,29276118
603,29276313
582,29276488
604,29277384
590,29277472
635,29277525
614,29277700
578,29277754
615,29277952
586,29278136
586,29278738
575,29278864
610,29278966
611,29279218
590,29279392
557,29280193
574,29280279
586,29280658
607,29281096
606,29281490
603,29282986
582,29283183
573,29284212
599,29284252
578,29284449
604,29284763
569,29285478
587,29285793
600,29286029
605,29286444
619,29287005
583,29287059
597,29287078
587,29287187
612,29287667
601,29287710
565,29287978
622,29288159
615,29288271
601,29288334
595,29288698
608,29288933
571,29289559
597,29289600
611,29290771
585,29291141
624,29292240
617,29292352
581,29292407
595,29292425
620,29293506
613,29293618
599,29293681
593,29294045
595,29294947
608,29295047
579,29295232
589,29295311
609,29296118
630,29296129
640,29296259
604,29296313
583,29296488
591,29297472
636,29297525
615,29297700
587,29298136
587,29298738
576,29298864
612,29299218
591,29299392
558,29300193
608,29301096
571,29301545
603,29302756
604,29302986
617,29303222
574,29304212
600,29304252
579,29304449
570,29305478
588,29305793
601,29306029
606,29306444
620,29307005
598,29307078
588,29307187
613,29307667
602,29307710
566,29307978
623,29308159
616,29308271
602,29308334
584,29308453
596,29308698
572,29309559
598,29309600
592,29309964
612,29310771
586,29311141
625,29312240
618,29312352
582,29312407
596,29312425
621,29313506
614,29313618
600,29313681
592,29313691
594,29314045
596,29314947
609,29315047
590,29315311
610,29316118
631,29316129
641,29316259
605,29316313
592,29317472
637,29317525
616,29317700
580,29317754
620,29317874
617,29317952
588,29318136
588,29318738
577,29318864
613,29319218
592,29319392
559,29320193
609,29321096
598,29321361
608,29321466
572,29321545
622,29321956
604,29322756
605,29322986
575,29324212
601,29324252
580,29324449
571,29325478
589,29325793
551,29325904
602,29326029
607,29326444
621,29327005
599,29327078
589,29327187
603,29327710
567,29327978
624,29328159
617,29328271
603,29328334
585,29328453
597,29328698
573,29329559
599,29329600
593,29329964
613,29330771
587,29331141
626,29332240
619,29332352
583,29332407
597,29332425
622,29333506
615,29333618
601,29333681
593,29333691
595,29334045
597,29334947
610,29335047
591,29335311
611,29336118
642,29336259
606,29336313
585,29336488
593,29337472
638,29337525
617,29337700
621,29337874
618,29337952
589,29338136
589,29338738
578,29338864
614,29339218
593,29339392
560,29340193
589,29340658
610,29341096
599,29341361
609,29341466
605,29342756
606,29342986
585,29343183
587,29344085
576,29344212
602,29344252
581,29344449
572,29345478
590,29345793
603,29346029
608,29346444
622,29347005
586,29347059
600,29347078
615,29347667
604,29347710
568,29347978
618,29348271
604,29348334
586,29348453
598,29348698
600,29349600
594,29349964
614,29350771
588,29351141
641,29352177
627,29352240
620,29352352
584,29352407
598,29352425
623,29353506
616,29353618
602,29353681
594,29353691
596,29354045
611,29355047
592,29355311
612,29356118
633,29356129
607,29356313
586,29356488
594,29357472
639,29357525
618,29357700
619,29357952
590,29358136
590,29358738
579,29358864
594,29359392
561,29360193
601,29360405
611,29361096
600,29361361
557,29361459
606,29362756
607,29362986
577,29364212
603,29364252
582,29364449
574,29364756
573,29365478
591,29365793
609,29366444
630,29366893
623,29367005
587,29367059
601,29367078
605,29367710
569,29367978
626,29368159
619,29368271
605,29368334
587,29368453
599,29368698
612,29368933
575,29369559
601,29369600
595,29369964
615,29370771
610,29370966
589,29371141
628,29372240
621,29372352
585,29372407
599,29372425
593,29372789
624,29373506
617,29373618
603,29373681
595,29373691
597,29374045
599,29374947
612,29375047
593,29375311
613,29376118
634,29376129
644,29376259
608,29376313
587,29376488
627,29376608
595,29377472
640,29377525
619,29377700
620,29377952
591,29378136
591,29378738
580,29378864
615,29378966
585,29379102
616,29379218
595,29379392
587,29379402
562,29380193
591,29380658
612,29381096
558,29381459
607,29382756
608,29382986
587,29383183
621,29383222
578,29384212
604,29384252
583,29384449
609,29384763
574,29385478
592,29385793
554,29385904
605,29386029
610,29386444
624,29387005
588,29387059
606,29387710
570,29387978
627,29388159
620,29388271
606,29388334
600,29388698
576,29389559
602,29389600
596,29389964
616,29390771
590,29391141
629,29392240
622,29392352
586,29392407
600,29392425
625,29393506
618,29393618
604,29393681
596,29393691
598,29394045
580,29394164
639,29394863
600,29394947
584,29395232
594,29395311
614,29396118
635,29396129
645,29396259
609,29396313
588,29396488
596,29397472
641,29397525
620,29397700
621,29397952
592,29398136
592,29398738
581,29398864
617,29399218
596,29399392
588,29399402
563,29400193
580,29400279
613,29401096
559,29401459
612,29401490
608,29402756
609,29402986
588,29403183
622,29403222
579,29404212
605,29404252
584,29404449
575,29405478
593,29405793
555,29405904
611,29406444
632,29406893
625,29407005
603,29407078
593,29407187
607,29407710
571,29407978
628,29408159
621,29408271
607,29408334
589,29408453
601,29408698
577,29409559
603,29409600
597,29409964
617,29410771
591,29411141
630,29412240
623,29412352
587,29412407
601,29412425
595,29412789
626,29413506
619,29413618
605,29413681
597,29413691
599,29414045
601,29414947
585,29415232
595,29415311
604,29415796
615,29416118
636,29416129
646,29416259
610,29416313
589,29416488
642,29417525
621,29417700
622,29417952
593,29418136
568,29418303
593,29418738
582,29418864
597,29419392
564,29420193
581,29420279
603,29421361
627,29421956
610,29422986
589,29423183
580,29424212
606,29424252
585,29424449
576,29425478
594,29425793
556,29425904
607,29426029
612,29426444
626,29427005
604,29427078
619,29427667
608,29427710
572,29427978
629,29428159
622,29428271
608,29428334
590,29428453
602,29428698
578,29429559
604,29429600
598,29429964
618,29430771
592,29431141
631,29432240
624,29432352
588,29432407
602,29432425
596,29432789
586,29432898
627,29433506
620,29433618
606,29433681
598,29433691
600,29434045
602,29434947
615,29435047
586,29435232
596,29435311
616,29436118
611,29436313
590,29436488
598,29437472
643,29437525
622,29437700
623,29437952
594,29438136
594,29438738
583,29438864
619,29439218
598,29439392
565,29440193
582,29440279
615,29441096
561,29441459
578,29441545
597,29441840
628,29441956
610,29442756
611,29442986
624,29443222
608,29443507
581,29444212
607,29444252
586,29444449
577,29445478
595,29445793
557,29445904
613,29446444
627,29447005
605,29447078
609,29447710
573,29447978
630,29448159
623,29448271
609,29448334
601,29448344
591,29448453
603,29448698
616,29448933
579,29449559
605,29449600
599,29449964
619,29450771
593,29451141
646,29452177
632,29452240
625,29452352
589,29452407
603,29452425
597,29452789
572,29452956
628,29453506
621,29453618
607,29453681
599,29453691
601,29454045
603,29454947
616,29455047
587,29455232
597,29455311
617,29456118
612,29456313
591,29456488
599,29457472
644,29457525
623,29457700
587,29457754
624,29457952
595,29458136
595,29458738
626,29458854
584,29458864
620,29459218
599,29459392
566,29460193
595,29460658
563,29460737
562,29461459
576,29462630
611,29462756
612,29462986
591,29463183
625,29463222
582,29464212
608,29464252
587,29464449
578,29465478
596,29465793
558,29465904
609,29466029
614,29466444
628,29467005
592,29467059
621,29467667
610,29467710
574,29467978
631,29468159
624,29468271
610,29468334
604,29468698
580,29469559
606,29469600
590,29469885
600,29469964
620,29470771
594,29471141
633,29472240
626,29472352
590,29472407
604,29472425
598,29472789
629,29473506
622,29473618
608,29473681
600,29473691
602,29474045
584,29474164
604,29474947
588,29475232
598,29475311
618,29476118
639,29476129
613,29476313
592,29476488
600,29477472
645,29477525
624,29477700
596,29478136
596,29478738
585,29478864
621,29479218
600,29479392
592,29479402
567,29479569
567,29480193
584,29480279
563,29481459
580,29481545
630,29481956
613,29482986
551,29483000
592,29483183
626,29483222
583,29484212
609,29484252
588,29484449
579,29485478
597,29485793
559,29485904
610,29486029
615,29486444
629,29487005
593,29487059
607,29487078
597,29487187
575,29487978
632,29488159
625,29488271
611,29488334
593,29488453
605,29488698
581,29489559
607,29489600
601,29489964
621,29490771
595,29491141
634,29492240
627,29492352
591,29492407
605,29492425
630,29493506
623,29493618
609,29493681
601,29493691
603,29494045
605,29494947
618,29495047
589,29495232
599,29495311
619,29496118
614,29496313
593,29496488
585,29496498
601,29497472
646,29497525
625,29497700
589,29497754
626,29497952
597,29498136
597,29498738
586,29498864
622,29499218
601,29499392
568,29500193
585,29500279
597,29500658
564,29501459
617,29501490
581,29501545
613,29502756
614,29502986
593,29503183
627,29503222
584,29504212
610,29504252
589,29504449
581,29504756
580,29505478
598,29505793
560,29505904
616,29506444
630,29507005
594,29507059
608,29507078
598,29507187
612,29507710
576,29507978
633,29508159
626,29508271
612,29508334
594,29508453
606,29508698
582,29509559
608,29509600
602,29509964
622,29510771
596,29511141
635,29512240
628,29512352
592,29512407
606,29512425
600,29512789
575,29512956
631,29513506
624,29513618
610,29513681
602,29513691
604,29514045
571,29514846
619,29515047
590,29515232
600,29515311
620,29516118
615,29516313
594,29516488
602,29517472
647,29517525
626,29517700
627,29517952
598,29518136
573,29518303
598,29518738
587,29518864
623,29519218
602,29519392
594,29519402
569,29520193
586,29520279
598,29520658
608,29521361
565,29521459
582,29521545
632,29521956
614,29522756
615,29522986
594,29523183
628,29523222
586,29523490
585,29524212
611,29524252
563,29524284
590,29524449
581,29525478
599,29525793
561,29525904
617,29526444
631,29527005
595,29527059
609,29527078
577,29527978
634,29528159
627,29528271
613,29528334
605,29528344
607,29528698
583,29529559
609,29529600
603,29529964
623,29530771
597,29531141
636,29532240
629,29532352
593,29532407
607,29532425
601,29532789
591,29532898
632,29533506
625,29533618
611,29533681
603,29533691
605,29534045
607,29534947
620,29535047
591,29535232
601,29535311
621,29536118
642,29536129
652,29536259
616,29536313
595,29536488
617,29537384
603,29537472
627,29537700
591,29537754
628,29537952
599,29538136
574,29538303
599,29538738
588,29538864
623,29538966
624,29539218
603,29539392
595,29539402
584,29540130
570,29540193
567,29540737
566,29541459
619,29541490
583,29541545
615,29542756
616,29542986
554,29543000
595,29543183
629,29543222
587,29543490
586,29544212
612,29544252
591,29544449
582,29545478
568,29545540
600,29545793
562,29545904
618,29546444
632,29547005
596,29547059
614,29547710
578,29547978
628,29548271
614,29548334
596,29548453
608,29548698
584,29549559
610,29549600
594,29549885
604,29549964
624,29550771
598,29551141
583,29551674
637,29552240
630,29552352
594,29552407
608,29552425
602,29552789
633,29553506
626,29553618
612,29553681
604,29553691
606,29554045
621,29555047
592,29555232
602,29555311
622,29556118
643,29556129
617,29556313
596,29556488
588,29556498
604,29557472
649,29557525
628,29557700
600,29558136
575,29558303
600,29558738
589,29558864
625,29559218
604,29559392
596,29559402
585,29560130
571,29560193
588,29560279
567,29561459
620,29561490
584,29561545
634,29561956
616,29562756
617,29562986
596,29563183
630,29563222
587,29564212
613,29564252
592,29564449
583,29565478
601,29565793
563,29565904
619,29566444
633,29567005
597,29567059
601,29567187
579,29567978
636,29568159
629,29568271
615,29568334
597,29568453
609,29568698
622,29568933
585,29569559
611,29569600
605,29569964
625,29570771
599,29571141
607,29572124
638,29572240
631,29572352
595,29572407
609,29572425
578,29572956
634,29573506
627,29573618
613,29573681
605,29573691
607,29574045
593,29575232
603,29575311
623,29576118
618,29576313
597,29576488
605,29577472
629,29577700
593,29577754
633,29577874
630,29577952
601,29578136
576,29578303
601,29578738
590,29578864
626,29579218
605,29579392
572,29580193
589,29580279
568,29581459
621,29581490
585,29581545
635,29581956
617,29582756
618,29582986
597,29583183
631,29583222
588,29584212
614,29584252
593,29584449
619,29584763
584,29585478
602,29585793
564,29585904
620,29586444
634,29587005
598,29587059
580,29587978
630,29588271
616,29588334
610,29588698
586,29589559
612,29589600
596,29589885
606,29589964
626,29590771
600,29591141
639,29592240
632,29592352
596,29592407
610,29592425
604,29592789
635,29593506
628,29593618
614,29593681
606,29593691
608,29594045
594,29595232
604,29595311
624,29596118
619,29596313
598,29596488
606,29597472
651,29597525
630,29597700
631,29597952
602,29598136
577,29598303
602,29598738
591,29598864
627,29599218
606,29599392
598,29599402
573,29600193
590,29600279
569,29601459
586,29601545
618,29602756
619,29602986
557,29603000
598,29603183
632,29603222
589,29604212
615,29604252
567,29604284
594,29604449
585,29605478
603,29605793
565,29605904
642,29606893
635,29607005
599,29607059
581,29607978
631,29608271
617,29608334
599,29608453
611,29608698
587,29609559
613,29609600
607,29609964
627,29610771
583,29610825
601,29611141
640,29612240
633,29612352
597,29612407
611,29612425
605,29612789
580,29612956
636,29613506
629,29613618
615,29613681
607,29613691
609,29614045
591,29614164
576,29614846
611,29614947
624,29615047
595,29615232
605,29615311
625,29616118
620,29616313
599,29616488
591,29616498
621,29617409
607,29617472
631,29617700
595,29617754
632,29617952
603,29618136
578,29618303
603,29618738
592,29618864
628,29619218
607,29619392
599,29619402
588,29620130
574,29620193
591,29620279
570,29621459
623,29621490
587,29621545
584,29622630
619,29622756
620,29622986
558,29623000
599,29623183
633,29623222
590,29624212
616,29624252
595,29624449
586,29625478
572,29625540
604,29625793
566,29625904
636,29627005
600,29627059
562,29627170
582,29627978
632,29628271
618,29628334
610,29628344
612,29628698
625,29628933
588,29629559
614,29629600
608,29629964
588,29629994
628,29630771
602,29631141
641,29632240
634,29632352
598,29632407
612,29632425
606,29632789
581,29632956
637,29633506
630,29633618
616,29633681
631,29633870
610,29634045
577,29634846
625,29635047
596,29635232
606,29635311
626,29636118
621,29636313
600,29636488
608,29637472
632,29637700
596,29637754
610,29637772
633,29637952
604,29638136
579,29638303
604,29638738
593,29638864
629,29639218
608,29639392
600,29639402
631,29639815
589,29640130
575,29640193
592,29640279
571,29641459
624,29641466
624,29641490
588,29641545
638,29641956
620,29642756
621,29642986
559,29643000
603,29643106
592,29643490
628,29643586
591,29644212
617,29644252
596,29644449
587,29645478
573,29645540
605,29645793
567,29645904
618,29646029
637,29647005
601,29647059
563,29647170
583,29647978
640,29648159
633,29648271
619,29648334
601,29648453
613,29648698
589,29649559
615,29649600
599,29649885
609,29649964
589,29649994
629,29650771
603,29651141
588,29651674
642,29652240
635,29652352
599,29652407
613,29652425
607,29652789
582,29652956
638,29653506
631,29653618
617,29653681
609,29653691
611,29654045
613,29654947
626,29655047
597,29655232
607,29655311
627,29656118
648,29656129
622,29656313
601,29656488
633,29657700
634,29657952
605,29658136
580,29658303
605,29658738
594,29658864
630,29659218
609,29659392
576,29660193
593,29660279
605,29660658
572,29661459
625,29661490
589,29661545
621,29662756
622,29662986
560,29663000
601,29663183
635,29663222
592,29664212
618,29664252
597,29664449
588,29665478
574,29665540
606,29665793
568,29665904
638,29667005
602,29667059
564,29667170
584,29667978
634,29668271
620,29668334
602,29668453
614,29668698
627,29668933
590,29669559
616,29669600
600,29669885
610,29669964
630,29670771
586,29670825
625,29670966
604,29671141
643,29672240
636,29672352
600,29672407
614,29672425
608,29672789
550,29672839
582,29673325
639,29673506
632,29673618
618,29673681
610,29673691
612,29674045
579,29674846
627,29675047
598,29675232
608,29675311
628,29676118
623,29676313
602,29676488
594,29676498
624,29677384
610,29677472
634,29677700
635,29677952
606,29678136
581,29678303
606,29678738
595,29678864
631,29679218
610,29679392
626,29679415
591,29680130
577,29680193
606,29680658
622,29680681
573,29681459
626,29681466
626,29681490
590,29681545
622,29682756
623,29682986
561,29683000
602,29683183
636,29683222
593,29684212
619,29684252
598,29684449
624,29684763
589,29685478
575,29685540
607,29685793
569,29685904
639,29687005
603,29687059
632,29687667
585,29687978
635,29688271
621,29688334
615,29688698
591,29689559
617,29689600
611,29689964
631,29690771
605,29691141
597,29691151
644,29692240
637,29692352
601,29692407
615,29692425
551,29692839
599,29692898
584,29692956
609,29693390
640,29693506
633,29693618
619,29693681
611,29693691
613,29694045
580,29694846
628,29695047
599,29695232
609,29695311
576,29696112
629,29696118
629,29696143
624,29696313
603,29696488
595,29696498
611,29697472
635,29697700
636,29697952
607,29698136
582,29698303
607,29698738
596,29698864
631,29698966
632,29699218
611,29699392
603,29699402
578,29700193
595,29700279
574,29701459
627,29701490
591,29701545
588,29702630
623,29702756
624,29702986
562,29703000
606,29703106
637,29703222
594,29704212
620,29704252
572,29704284
599,29704449
590,29705478
576,29705540
608,29705793
570,29705904
640,29707005
604,29707059
566,29707170
633,29707667
586,29707978
636,29708271
622,29708334
616,29708698
592,29709559
618,29709600
612,29709964
592,29709994
632,29710771
588,29710825
627,29710966
606,29711141
568,29711252
588,29711260
645,29712240
638,29712352
602,29712407
616,29712425
552,29712839
585,29712956
641,29713506
634,29713618
620,29713681
612,29713691
614,29714045
581,29714846
616,29714947
629,29715047
600,29715232
610,29715311
620,29716013
630,29716118
625,29716313
604,29716488
596,29716498
612,29717472
636,29717700
637,29717952
608,29718136
583,29718303
608,29718738
597,29718864
632,29718966
633,29719218
612,29719392
604,29719402
593,29720130
579,29720193
596,29720279
576,29720737
575,29721459
628,29721490
592,29721545
589,29722630
624,29722756
625,29722986
563,29723000
604,29723183
632,29723586
595,29724212
621,29724252
573,29724284
600,29724449
591,29725478
609,29725793
571,29725904
573,29726806
641,29727005
605,29727059
567,29727170
634,29727667
587,29727978
637,29728271
623,29728334
605,29728453
617,29728698
593,29729559
619,29729600
603,29729885
613,29729964
593,29729994
633,29730771
607,29731141
569,29731252
639,29732352
603,29732407
617,29732425
553,29732839
586,29732956
642,29733506
635,29733618
621,29733681
613,29733691
615,29734045
582,29734846
630,29735047
601,29735232
611,29735311
631,29736118
626,29736313
605,29736488
597,29736498
637,29737700
638,29737952
609,29738136
584,29738303
609,29738738
598,29738864
634,29739218
613,29739392
629,29739415
581,29739471
594,29740130
580,29740193
597,29740279
609,29740658
576,29741459
629,29741490
593,29741545
590,29742630
625,29742756
626,29742986
564,29743000
605,29743183
639,29743222
633,29743586
596,29744212
622,29744252
601,29744449
592,29745478
578,29745540
610,29745793
572,29745904
642,29747005
606,29747059
568,29747170
588,29747978
638,29748271
624,29748334
606,29748453
618,29748698
631,29748933
594,29749559
620,29749600
614,29749964
634,29750771
608,29751141
590,29751260
647,29752240
640,29752352
604,29752407
618,29752425
554,29752839
587,29752956
643,29753506
636,29753618
622,29753681
616,29754045
583,29754846
631,29755047
602,29755232
612,29755311
632,29756118
627,29756313
606,29756488
614,29757472
638,29757700
639,29757952
610,29758136
585,29758303
610,29758738
599,29758864
635,29759218
614,29759392
606,29759402
630,29759415
595,29760130
581,29760193
598,29760279
620,29761361
577,29761459
630,29761466
630,29761490
594,29761545
626,29762756
627,29762986
565,29763000
640,29763222
597,29764212
623,29764252
575,29764284
602,29764449
594,29764756
593,29765478
579,29765540
611,29765793
573,29765904
593,29765913
643,29767005
607,29767059
569,29767170
636,29767667
589,29767978
639,29768271
625,29768334
619,29768698
632,29768933
595,29769559
621,29769600
615,29769964
595,29769994
635,29770771
609,29771141
601,29771151
571,29771252
591,29771260
641,29772352
605,29772407
619,29772425
555,29772839
603,29772898
587,29773325
644,29773506
637,29773618
623,29773681
617,29774045
599,29774164
584,29774846
632,29775047
603,29775232
613,29775311
633,29776118
628,29776313
607,29776488
599,29776498
629,29777384
639,29777700
640,29777952
611,29778136
586,29778303
611,29778738
600,29778864
635,29778966
636,29779218
615,29779392
607,29779402
596,29780130
582,29780193
599,29780279
578,29781459
631,29781490
595,29781545
627,29782756
628,29782986
566,29783000
607,29783183
641,29783222
635,29783586
598,29784212
624,29784252
603,29784449
595,29784756
629,29784763
594,29785478
580,29785540
612,29785793
574,29785904
625,29786029
644,29787005
608,29787059
570,29787170
612,29787187
590,29787978
640,29788271
626,29788334
620,29788698
633,29788933
586,29789244
596,29789559
622,29789600
616,29789964
636,29790771
610,29791141
592,29791260
649,29792240
642,29792352
606,29792407
556,29792839
589,29792956
645,29793506
638,29793618
624,29793681
618,29794045
600,29794164
585,29794846
633,29795047
604,29795232
614,29795311
634,29796118
629,29796313
608,29796488
600,29796498
616,29797472
640,29797700
604,29797754
644,29797874
612,29798136
587,29798303
601,29798864
637,29799218
616,29799392
632,29799415
597,29800130
583,29800193
580,29800737
579,29801459
632,29801490
596,29801545
628,29802756
629,29802986
567,29803000
636,29803586
599,29804212
625,29804252
604,29804449
595,29805478
581,29805540
613,29805793
575,29805904
645,29807005
609,29807059
571,29807170
591,29807978
641,29808271
627,29808334
621,29808698
634,29808933
597,29809559
623,29809600
617,29809964
637,29810771
611,29811141
650,29812240
643,29812352
607,29812407
557,29812839
590,29812956
646,29813506
639,29813618
625,29813681
619,29814045
586,29814846
634,29815047
605,29815232
615,29815311
635,29816118
630,29816313
609,29816488
601,29816498
631,29817384
641,29817700
605,29817754
642,29817952
613,29818136
588,29818303
613,29818738
602,29818864
638,29819218
617,29819392
598,29820130
584,29820193
601,29820279
578,29820557
623,29821361
580,29821459
597,29821545
594,29822630
629,29822756
630,29822986
568,29823000
609,29823183
591,29823360
600,29824212
626,29824252
578,29824284
605,29824449
596,29825478
582,29825540
614,29825793
576,29825904
627,29826029
578,29826806
646,29827005
610,29827059
572,29827170
639,29827667
592,29827978
642,29828271
628,29828334
622,29828698
598,29829559
624,29829600
608,29829885
618,29829964
638,29830771
594,29830825
612,29831141
594,29831260
644,29832352
608,29832407
616,29832789
558,29832839
591,29832956
590,29833325
647,29833506
640,29833618
626,29833681
620,29834045
587,29834846
622,29834947
606,29835232
616,29835311
636,29836118
631,29836313
610,29836488
602,29836498
632,29837384
618,29837472
642,29837700
606,29837754
643,29837952
614,29838136
589,29838303
614,29838738
603,29838864
639,29839218
618,29839392
599,29840130
585,29840193
579,29840557
630,29840681
581,29841459
634,29841466
634,29841490
598,29841545
595,29842630
630,29842756
631,29842986
569,29843000
601,29844212
627,29844252
565,29844266
579,29844284
606,29844449
597,29845478
583,29845540
615,29845793
577,29845904
628,29846029
647,29847005
611,29847059
573,29847170
593,29847978
643,29848271
629,29848334
623,29848698
599,29849559
625,29849600
619,29849964
639,29850771
595,29850825
613,29851141
595,29851260
645,29852352
609,29852407
559,29852839
592,29852956
648,29853506
641,29853618
627,29853681
621,29854045
588,29854846
623,29854947
636,29855047
607,29855232
617,29855311
637,29856118
632,29856313
611,29856488
603,29856498
643,29857700
607,29857754
615,29858136
590,29858303
615,29858738
604,29858864
639,29858966
640,29859218
619,29859392
611,29859402
600,29860130
586,29860193
580,29860557
582,29861459
635,29861490
599,29861545
618,29861840
596,29862630
631,29862756
632,29862986
570,29863000
611,29863183
602,29864212
628,29864252
566,29864266
607,29864449
633,29864763
598,29865478
584,29865540
616,29865793
578,29865904
648,29867005
612,29867059
574,29867170
594,29867978
644,29868271
630,29868334
624,29868698
637,29868933
600,29869559
626,29869600
620,29869964
640,29870771
596,29870825
614,29871141
596,29871260
646,29872352
610,29872407
560,29872839
593,29872956
642,29873618
628,29873681
622,29874045
604,29874164
589,29874846
624,29874947
637,29875047
608,29875232
618,29875311
627,29875796
585,29876112
638,29876118
633,29876313
604,29876498
620,29877472
644,29877700
645,29877952
591,29878303
616,29878738
605,29878864
640,29878966
641,29879218
620,29879392
612,29879402
587,29879569
601,29880130
587,29880193
581,29880557
583,29881459
636,29881466
600,29881545
597,29882630
632,29882756
633,29882986
571,29883000
603,29884212
629,29884252
567,29884266
581,29884284
598,29884370
608,29884449
575,29884648
580,29885182
599,29885478
585,29885540
617,29885793
579,29885904
630,29886029
649,29887005
613,29887059
575,29887170
595,29887978
645,29888271
631,29888334
625,29888698
601,29889559
627,29889600
621,29889964
641,29890771
615,29891141
577,29891252
597,29891260
647,29892352
611,29892407
561,29892839
594,29892956
643,29893618
629,29893681
623,29894045
590,29894846
625,29894947
638,29895047
609,29895232
619,29895311
586,29896112
639,29896118
573,29896164
634,29896313
613,29896488
605,29896498
621,29897472
645,29897700
617,29898136
592,29898303
617,29898738
606,29898864
584,29898937
642,29899218
621,29899392
637,29899415
589,29899471
588,29899569
602,29900130
588,29900193
582,29900557
585,29900737
627,29901361
584,29901459
601,29901545
598,29902630
633,29902756
634,29902986
572,29903000
604,29904212
630,29904252
568,29904266
582,29904284
609,29904449
635,29904763
600,29905478
586,29905540
618,29905793
580,29905904
650,29907005
614,29907059
576,29907170
585,29907656
596,29907978
646,29908271
632,29908334
614,29908453
626,29908698
602,29909559
628,29909600
622,29909964
642,29910771
616,29911141
648,29912352
612,29912407
562,29912839
595,29912956
651,29913506
644,29913618
630,29913681
624,29914045
591,29914846
639,29915047
610,29915232
620,29915311
640,29916118
635,29916313
614,29916488
554,29916605
622,29917472
646,29917700
593,29918303
618,29918738
607,29918864
643,29919218
622,29919392
589,29919569
603,29920130
589,29920193
606,29920279
583,29920557
585,29921459
602,29921545
599,29922630
634,29922756
635,29922986
573,29923000
648,29923222
605,29924212
631,29924252
569,29924266
583,29924284
601,29925478
587,29925540
619,29925793
581,29925904
632,29926029
651,29927005
615,29927059
577,29927170
597,29927978
647,29928271
633,29928334
627,29928698
547,29928820
603,29929559
629,29929600
623,29929964
643,29930771
617,29931141
579,29931252
649,29932352
613,29932407
563,29932839
596,29932956
595,29933325
652,29933506
645,29933618
631,29933681
625,29934045
592,29934846
627,29934947
611,29935232
621,29935311
641,29936118
636,29936313
623,29937472
576,29937653
647,29937700
611,29937754
619,29938136
594,29938303
619,29938738
608,29938864
644,29939218
623,29939392
604,29940130
590,29940193
607,29940279
584,29940557
619,29940658
586,29941459
639,29941490
603,29941545
600,29942630
635,29942756
636,29942986
574,29943000
615,29943183
606,29944212
632,29944252
570,29944266
584,29944284
611,29944449
637,29944763
602,29945478
588,29945540
620,29945793
582,29945904
633,29946029
584,29946806
652,29947005
616,29947059
578,29947170
598,29947978
634,29948334
628,29948698
604,29949559
630,29949600
624,29949964
644,29950771
600,29950825
639,29950966
618,29951141
580,29951252
600,29951260
650,29952352
614,29952407
564,29952839
597,29952956
646,29953618
632,29953681
626,29954045
593,29954846
641,29955047
612,29955232
622,29955311
642,29956118
606,29956197
637,29956313
616,29956488
608,29956498
624,29957472
648,29957700
620,29958136
595,29958303
620,29958738
609,29958864
624,29959392
591,29959569
605,29960130
591,29960193
608,29960279
585,29960557
636,29960681
588,29960737
587,29961459
604,29961545
637,29962986
575,29963000
607,29964212
633,29964252
571,29964266
585,29964284
612,29964449
584,29965182
603,29965478
589,29965540
621,29965793
583,29965904
634,29966029
585,29966806
653,29967005
617,29967059
569,29967091
579,29967170
599,29967978
649,29968271
635,29968334
573,29968347
617,29968453
629,29968698
549,29968820
642,29968933
605,29969559
631,29969600
625,29969964
645,29970771
601,29970825
619,29971141
581,29971252
651,29972352
615,29972407
565,29972839
598,29972956
647,29973618
633,29973681
627,29974045
561,29974105
594,29974846
629,29974947
642,29975047
613,29975232
623,29975311
590,29976112
643,29976118
638,29976313
617,29976488
625,29977472
649,29977700
613,29977754
596,29978303
621,29978738
610,29978864
588,29978937
625,29979392
592,29979569
606,29980130
592,29980193
586,29980557
589,29980737
631,29981361
588,29981459
605,29981545
602,29982630
638,29982986
576,29983000
608,29984212
634,29984252
572,29984266
586,29984284
613,29984449
604,29985478
590,29985540
622,29985793
584,29985904
581,29986448
654,29987005
618,29987059
580,29987170
568,29987492
600,29987978
650,29988271
636,29988334
574,29988347
630,29988698
612,29988817
643,29988933
606,29989559
632,29989600
616,29989885
626,29989964
646,29990771
620,29991141
582,29991252
652,29992352
616,29992407
566,29992839
599,29992956
598,29993325
648,29993618
634,29993681
628,29994045
562,29994105
595,29994846
643,29995047
614,29995232
624,29995311
591,29996112
644,29996118
639,29996313
618,29996488
626,29997472
650,29997700
597,29998303
622,29998738
611,29998864
626,29999392
607,30000130
593,30000193
587,30000557
590,30000737
589,30001459
642,30001490
606,30001545
603,30002630
639,30002986
577,30003000
618,30003183
595,30003650
609,30004212
635,30004252
573,30004266
587,30004284
614,30004449
605,30005478
591,30005540
623,30005793
585,30005904
636,30006029
655,30007005
619,30007059
581,30007170
569,30007492
601,30007978
651,30008271
637,30008334
619,30008453
631,30008698
597,30009244
607,30009559
633,30009600
627,30009964
579,30009996
647,30010771
621,30011141
583,30011252
653,30012352
617,30012407
567,30012839
600,30012956
656,30013506
649,30013618
635,30013681
629,30014045
563,30014105
639,30014747
596,30014846
644,30015047
615,30015232
625,30015311
635,30016013
592,30016112
645,30016118
640,30016313
619,30016488
559,30016605
627,30017472
651,30017700
598,30018303
623,30018738
612,30018864
627,30019392
608,30020130
594,30020193
611,30020279
588,30020557
591,30020737
590,30021459
607,30021545
604,30022630
639,30022756
640,30022986
578,30023000
619,30023183
610,30024212
636,30024252
574,30024266
588,30024284
606,30025478
592,30025540
624,30025793
586,30025904
656,30027005
620,30027059
582,30027170
602,30027978
638,30028334
620,30028453
632,30028698
598,30029244
608,30029559
634,30029600
628,30029964
648,30030771
622,30031141
584,30031252
654,30032352
618,30032407
568,30032839
601,30032956
650,30033618
636,30033681
630,30034045
597,30034846
645,30035047
616,30035232
626,30035311
593,30036112
646,30036118
641,30036313
620,30036488
628,30037472
581,30037653
652,30037700
566,30038186
599,30038303
624,30038738
613,30038864
591,30038937
628,30039392
595,30039569
638,30040095
609,30040130
595,30040193
589,30040557
592,30040737
591,30041459
608,30041545
605,30042630
641,30042986
579,30043000
620,30043183
597,30043650
611,30044212
637,30044252
575,30044266
589,30044284
616,30044449
607,30045478
593,30045540
585,30045550
625,30045793
587,30045904
621,30047059
583,30047170
571,30047492
603,30047978
639,30048334
633,30048698
553,30048820
609,30049559
635,30049600
573,30049613
629,30049964
581,30049996
623,30051141
585,30051252
655,30052352
619,30052407
569,30052839
602,30052956
651,30053618
637,30053681
631,30054045
598,30054846
646,30055047
617,30055232
627,30055311
594,30056112
647,30056118
642,30056313
621,30056488
629,30057472
582,30057653
600,30058303
625,30058738
614,30058864
629,30059392
596,30059569
610,30060130
596,30060193
590,30060557
625,30060658
592,30061459
645,30061490
586,30061823
642,30062986
580,30063000
621,30063183
577,30063544
612,30064212
638,30064252
576,30064266
590,30064284
617,30064449
584,30064648
608,30065478
594,30065540
626,30065793
588,30065904
639,30066029
622,30067059
584,30067170
604,30067978
640,30068334
634,30068698
554,30068820
647,30068933
610,30069559
636,30069600
630,30069964
582,30069996
650,30070771
606,30070825
624,30071141
586,30071252
656,30072352
620,30072407
570,30072839
603,30072956
652,30073618
638,30073681
632,30074045
566,30074105
614,30074164
599,30074846
634,30074947
647,30075047
628,30075311
595,30076112
648,30076118
643,30076313
622,30076488
583,30077653
654,30077700
601,30078303
626,30078738
615,30078864
630,30079392
597,30079569
611,30080130
597,30080193
591,30080557
593,30081459
646,30081466
610,30081545
587,30081823
643,30082986
581,30083000
622,30083183
613,30084212
639,30084252
577,30084266
591,30084284
618,30084449
644,30084763
609,30085478
595,30085540
627,30085793
589,30085904
586,30086448
591,30086806
623,30087059
585,30087170
573,30087492
605,30087978
641,30088334
623,30088453
635,30088698
555,30088820
611,30089559
637,30089600
631,30089964
583,30089996
625,30091141
587,30091252
607,30091260
621,30092407
571,30092839
604,30092956
653,30093618
639,30093681
633,30094045
600,30094846
629,30095311
596,30096112
649,30096118
583,30096164
644,30096313
623,30096488
563,30096605
631,30097472
584,30097653
602,30098303
627,30098738
616,30098864
594,30098937
631,30099392
598,30099569
612,30100130
598,30100193
615,30100279
592,30100557
594,30101459
588,30101823
608,30102630
644,30102986
582,30103000
623,30103183
614,30104212
640,30104252
578,30104266
592,30104284
610,30105478
596,30105540
588,30105550
628,30105793
590,30105904
641,30106029
592,30106806
624,30107059
586,30107170
574,30107492
606,30107978
642,30108334
636,30108698
556,30108820
612,30109559
638,30109600
632,30109964
584,30109996
626,30111141
588,30111252
622,30112407
572,30112839
605,30112956
654,30113618
640,30113681
634,30114045
568,30114105
601,30114846
636,30114947
630,30115311
597,30116112
650,30116118
645,30116313
624,30116488
632,30117472
585,30117653
603,30118303
628,30118738
617,30118864
595,30118937
632,30119392
599,30119569
599,30120193
616,30120279
593,30120557
595,30121459
589,30121823
609,30122630
645,30122986
583,30123000
624,30123183
615,30124212
641,30124252
579,30124266
593,30124284
611,30125478
597,30125540
629,30125793
591,30125904
593,30126806
625,30127059
587,30127170
607,30127978
643,30128334
637,30128698
557,30128820
613,30129559
639,30129600
633,30129964
585,30129996
627,30131141
589,30131252
623,30132407
573,30132839
655,30133618
641,30133681
635,30134045
569,30134105
602,30134846
637,30134947
631,30135311
598,30136112
651,30136118
646,30136313
625,30136488
565,30136605
633,30137472
586,30137653
604,30138303
629,30138738
618,30138864
633,30139392
600,30139569
614,30140130
600,30140193
594,30140557
596,30141459
613,30141545
590,30141823
610,30142630
646,30142986
584,30143000
616,30144212
642,30144252
580,30144266
594,30144284
621,30144449
612,30145478
598,30145540
630,30145793
592,30145904
594,30146806
626,30147059
578,30147091
588,30147170
608,30147978
644,30148334
638,30148698
558,30148820
614,30149559
640,30149600
634,30149964
586,30149996
654,30150771
628,30151141
590,30151252
610,30151260
624,30152407
574,30152839
607,30152956
642,30153681
636,30154045
570,30154105
603,30154846
632,30155311
599,30156112
652,30156118
647,30156313
626,30156488
566,30156605
634,30157472
587,30157653
605,30158303
630,30158738
619,30158864
597,30158937
634,30159392
615,30160130
601,30160193
618,30160279
595,30160557
630,30160658
597,30161459
591,30161823
647,30162986
585,30163000
626,30163183
617,30164212
643,30164252
581,30164266
595,30164284
622,30164449
613,30165478
599,30165540
591,30165550
631,30165793
593,30165904
613,30165913
644,30166029
595,30166806
627,30167059
589,30167170
577,30167492
609,30167978
645,30168334
583,30168347
627,30168453
639,30168698
559,30168820
615,30169559
641,30169600
635,30169964
587,30169996
629,30171141
591,30171252
625,30172407
575,30172839
633,30173390
643,30173681
637,30174045
571,30174105
604,30174846
633,30175311
600,30176112
653,30176118
648,30176313
627,30176488
635,30177472
588,30177653
623,30177754
606,30178303
631,30178738
620,30178864
598,30178937
635,30179392
616,30180130
602,30180193
619,30180279
596,30180557
598,30181459
615,30181545
592,30181823
612,30182630
648,30182986
586,30183000
627,30183183
618,30184212
644,30184252
582,30184266
596,30184284
623,30184449
614,30185478
600,30185540
592,30185550
632,30185793
594,30185904
645,30186029
628,30187059
590,30187170
632,30187187
578,30187492
610,30187978
646,30188334
584,30188347
640,30188698
560,30188820
616,30189559
642,30189600
636,30189964
588,30189996
630,30191141
592,30191252
626,30192407
576,30192839
644,30193681
638,30194045
572,30194105
605,30194846
634,30195311
601,30196112
654,30196118
588,30196164
628,30196488
636,30197472
589,30197653
574,30198186
607,30198303
632,30198738
621,30198864
585,30198919
636,30199392
603,30199569
617,30200130
603,30200193
620,30200279
597,30200557
599,30201459
616,30201545
593,30201823
613,30202630
649,30202986
587,30203000
628,30203183
619,30204212
645,30204252
583,30204266
597,30204284
615,30205478
601,30205540
593,30205550
633,30205793
595,30205904
629,30207059
581,30207091
591,30207170
579,30207492
611,30207978
647,30208334
585,30208347
641,30208698
623,30208817
561,30208820
617,30209559
643,30209600
637,30209964
589,30209996
557,30210086
613,30210825
631,30211141
593,30211252
613,30211260
627,30212407
577,30212839
610,30212956
645,30213681
639,30214045
573,30214105
553,30214532
606,30214846
635,30215311
602,30216112
655,30216118
629,30216488
569,30216605
637,30217472
590,30217653
625,30217754
575,30218186
608,30218303
633,30218738
622,30218864
586,30218919
600,30218937
637,30219392
618,30220130
604,30220193
621,30220279
598,30220557
633,30220658
600,30221459
617,30221545
594,30221823
614,30222630
650,30222986
588,30223000
629,30223183
564,30223473
585,30223544
620,30224212
646,30224252
584,30224266
598,30224284
625,30224449
592,30224648
616,30225478
602,30225540
634,30225793
596,30225904
647,30226029
630,30227059
582,30227091
592,30227170
580,30227492
612,30227978
648,30228334
586,30228347
642,30228698
562,30228820
608,30229244
618,30229559
644,30229600
638,30229964
590,30229996
632,30231141
594,30231252
628,30232407
578,30232839
640,30234045
574,30234105
607,30234846
636,30235311
603,30236112
656,30236118
630,30236488
570,30236605
591,30237653
626,30237754
609,30238303
634,30238738
623,30238864
587,30238919
601,30238937
628,30239102
638,30239392
619,30240130
605,30240193
599,30240557
634,30240658
602,30240737
601,30241459
595,30241823
615,30242630
651,30242986
589,30243000
630,30243183
621,30244212
647,30244252
585,30244266
599,30244284
626,30244449
617,30245478
603,30245540
595,30245550
635,30245793
597,30245904
631,30247059
583,30247091
593,30247170
581,30247492
613,30247978
649,30248334
587,30248347
631,30248453
643,30248698
563,30248820
619,30249559
645,30249600
639,30249964
591,30249996
559,30250086
633,30251141
595,30251252
587,30251262
629,30252407
579,30252839
647,30253681
641,30254045
575,30254105
608,30254846
637,30255311
604,30256112
652,30256313
631,30256488
571,30256605
592,30257653
577,30258186
610,30258303
635,30258738
624,30258864
602,30258937
639,30259392
620,30260130
606,30260193
600,30260557
602,30261459
619,30261545
596,30261823
616,30262630
652,30262986
590,30263000
631,30263183
587,30263544
622,30264212
648,30264252
586,30264266
600,30264284
627,30264449
594,30264648
619,30264756
618,30265478
604,30265540
596,30265550
636,30265793
598,30265904
618,30265913
632,30267059
584,30267091
594,30267170
582,30267492
614,30267978
650,30268334
588,30268347
632,30268453
644,30268698
564,30268820
620,30269559
646,30269600
640,30269964
592,30269996
634,30271141
596,30271252
630,30272407
580,30272839
648,30273681
642,30274045
576,30274105
556,30274532
609,30274846
644,30274947
638,30275311
605,30276112
653,30276313
632,30276488
572,30276605
593,30277653
628,30277754
611,30278303
636,30278738
625,30278864
589,30278919
630,30279102
640,30279392
607,30279569
621,30280130
607,30280193
624,30280279
601,30280557
603,30281459
620,30281545
597,30281823
617,30282630
653,30282986
591,30283000
623,30284212
649,30284252
587,30284266
601,30284284
628,30284449
619,30285478
605,30285540
597,30285550
637,30285793
599,30285904
601,30286806
633,30287059
585,30287091
595,30287170
583,30287492
615,30287978
651,30288334
589,30288347
633,30288453
645,30288698
565,30288820
611,30289244
621,30289559
647,30289600
641,30289964
593,30289996
635,30291141
597,30291252
589,30291262
631,30292407
581,30292839
649,30293681
643,30294045
577,30294105
557,30294532
610,30294846
639,30295311
606,30296112
633,30296488
573,30296605
641,30297472
594,30297653
579,30298186
637,30298738
626,30298864
641,30299392
622,30300130
608,30300193
625,30300279
602,30300557
637,30300658
605,30300737
604,30301459
621,30301545
598,30301823
618,30302630
654,30302986
592,30303000
633,30303183
624,30304212
650,30304252
588,30304266
602,30304284
629,30304449
596,30304648
620,30305478
606,30305540
638,30305793
600,30305904
634,30307059
586,30307091
596,30307170
584,30307492
632,30307551
616,30307978
652,30308334
590,30308347
646,30308698
566,30308820
622,30309559
648,30309600
642,30309964
594,30309996
636,30311141
598,30311252
590,30311262
632,30312407
594,30312518
582,30312839
650,30313681
644,30314045
578,30314105
558,30314532
611,30314846
640,30315311
607,30316112
634,30316488
574,30316605
595,30317653
636,30317836
613,30318303
627,30318864
591,30318919
642,30319392
623,30320130
609,30320193
603,30320557
638,30320658
605,30321459
622,30321545
599,30321823
619,30322630
655,30322986
593,30323000
625,30324212
651,30324252
589,30324266
603,30324284
630,30324449
597,30324648
621,30325478
607,30325540
639,30325793
601,30325904
621,30325913
603,30326806
635,30327059
587,30327091
597,30327170
585,30327492
617,30327978
653,30328334
591,30328347
583,30328357
647,30328698
567,30328820
623,30329559
649,30329600
643,30329964
595,30329996
563,30330086
637,30331141
599,30331252
619,30331260
633,30332407
583,30332839
651,30333681
645,30334045
579,30334105
559,30334532
612,30334846
641,30335311
608,30336112
625,30336197
635,30336488
575,30336605
596,30337653
631,30337754
581,30338186
639,30338738
628,30338864
592,30338919
606,30338937
643,30339392
624,30340130
610,30340193
604,30340557
639,30340658
606,30341459
623,30341545
590,30341744
600,30341823
620,30342630
594,30343000
635,30343183
626,30344212
590,30344266
604,30344284
631,30344449
622,30345478
608,30345540
640,30345793
602,30345904
636,30347059
588,30347091
598,30347170
586,30347492
618,30347978
654,30348334
592,30348347
584,30348357
636,30348453
648,30348698
568,30348820
614,30349244
624,30349559
650,30349600
644,30349964
596,30349996
564,30350086
638,30351141
600,30351252
592,30351262
552,30351627
634,30352407
584,30352839
646,30354045
580,30354105
560,30354532
613,30354846
642,30355311
609,30356112
636,30356488
576,30356605
597,30357653
632,30357754
582,30358186
640,30358738
629,30358864
593,30358919
644,30359392
611,30359569
625,30360130
611,30360193
605,30360557
607,30361459
624,30361545
601,30361823
621,30362630
595,30363000
627,30364212
653,30364252
591,30364266
605,30364284
632,30364449
599,30364648
623,30365478
609,30365540
601,30365550
641,30365793
603,30365904
605,30366806
637,30367059
589,30367091
599,30367170
587,30367492
619,30367978
655,30368334
593,30368347
637,30368453
649,30368698
569,30368820
625,30369559
651,30369600
645,30369964
597,30369996
621,30370825
639,30371141
601,30371252
553,30371627
635,30372407
585,30372839
647,30374045
581,30374105
629,30374164
561,30374532
614,30374846
643,30375311
610,30376112
637,30376488
577,30376605
598,30377653
641,30378738
630,30378864
594,30378919
645,30379392
613,30379471
626,30380130
612,30380193
629,30380279
606,30380557
608,30381459
625,30381545
602,30381823
622,30382630
596,30383000
637,30383183
628,30384212
654,30384252
592,30384266
606,30384284
633,30384449
625,30384756
624,30385478
610,30385540
602,30385550
642,30385793
604,30385904
638,30387059
590,30387091
600,30387170
588,30387492
620,30387978
656,30388334
594,30388347
650,30388698
570,30388820
626,30389559
652,30389600
646,30389964
598,30389996
566,30390086
640,30391141
602,30391252
622,30391260
594,30391262
554,30391627
636,30392407
586,30392839
648,30394045
582,30394105
630,30394164
568,30394168
562,30394532
615,30394846
644,30395311
611,30396112
638,30396488
578,30396605
599,30397653
584,30398186
631,30398864
595,30398919
646,30399392
627,30400130
613,30400193
630,30400279
607,30400557
609,30401459
626,30401545
603,30401823
623,30402630
597,30403000
573,30403473
629,30404212
655,30404252
593,30404266
607,30404284
634,30404449
601,30404648
625,30405478
611,30405540
643,30405793
605,30405904
607,30406806
639,30407059
591,30407091
601,30407170
589,30407492
621,30407978
595,30408347
651,30408698
585,30408758
571,30408820
617,30409244
627,30409559
653,30409600
599,30409996
567,30410086
641,30411141
603,30411252
595,30411262
637,30412407
587,30412839
649,30414045
583,30414105
563,30414532
616,30414846
645,30415311
612,30416112
639,30416488
579,30416605
600,30417653
585,30418186
632,30418864
596,30418919
647,30419392
628,30420130
614,30420193
631,30420279
608,30420557
610,30421459
627,30421545
604,30421823
624,30422630
598,30423000
630,30424212
594,30424266
608,30424284
635,30424449
602,30424648
626,30425478
612,30425540
644,30425793
606,30425904
576,30426930
640,30427059
592,30427091
602,30427170
590,30427492
622,30427978
596,30428347
588,30428357
652,30428698
572,30428820
628,30429559
654,30429600
648,30429964
600,30429996
568,30430086
642,30431141
604,30431252
556,30431627
627,30431674
638,30432407
588,30432839
650,30434045
584,30434105
564,30434532
617,30434846
646,30435311
613,30436112
640,30436488
580,30436605
601,30437653
636,30437754
586,30438186
633,30438864
597,30438919
629,30440130
615,30440193
632,30440279
609,30440557
611,30441459
628,30441545
605,30441823
625,30442630
599,30443000
575,30443473
596,30443544
631,30444212
595,30444266
609,30444284
627,30445478
613,30445540
645,30445793
607,30445904
577,30446930
641,30447059
593,30447091
603,30447170
591,30447492
623,30447978
597,30448347
653,30448698
573,30448820
629,30449559
655,30449600
601,30449996
569,30450086
643,30451141
605,30451252
625,30451260
557,30451627
639,30452407
601,30452518
589,30452839
651,30454045
585,30454105
565,30454532
618,30454846
647,30455311
614,30456112
545,30456314
641,30456488
581,30456605
602,30457653
587,30458186
634,30458864
630,30460130
616,30460193
610,30460557
612,30461459
629,30461545
596,30461744
606,30461823
626,30462630
600,30463000
641,30463183
576,30463473
632,30464212
596,30464266
610,30464284
637,30464449
628,30465478
614,30465540
646,30465793
608,30465904
578,30466930
642,30467059
594,30467091
604,30467170
592,30467492
624,30467978
598,30468347
654,30468698
574,30468820
630,30469559
656,30469600
650,30469964
602,30469996
570,30470086
644,30471141
606,30471252
558,30471627
640,30472407
590,30472839
652,30474045
586,30474105
566,30474532
619,30474846
648,30475311
615,30476112
642,30476488
582,30476605
603,30477653
638,30477754
635,30478864
599,30478919
631,30480130
617,30480193
634,30480279
611,30480557
613,30481459
630,30481545
607,30481823
627,30482630
601,30483000
633,30484212
597,30484266
638,30484449
629,30485478
615,30485540
647,30485793
609,30485904
629,30485913
579,30486930
643,30487059
595,30487091
605,30487170
593,30487492
625,30487978
599,30488347
575,30488820
631,30489559
651,30489964
603,30489996
571,30490086
645,30491141
607,30491252
641,30492407
591,30492839
653,30494045
587,30494105
567,30494532
620,30494846
649,30495311
616,30496112
643,30496488
583,30496605
604,30497653
636,30498864
651,30499392
632,30500130
618,30500193
635,30500279
612,30500557
614,30501459
631,30501545
598,30501744
608,30501823
628,30502630
602,30503000
599,30503544
634,30504212
598,30504266
612,30504284
630,30505478
616,30505540
648,30505793
610,30505904
580,30506930
644,30507059
596,30507091
606,30507170
594,30507492
626,30507978
600,30508347
576,30508820
632,30509559
604,30509996
572,30510086
628,30510825
646,30511141
608,30511252
560,30511627
642,30512407
604,30512518
592,30512839
556,30512893
654,30514045
588,30514105
568,30514532
621,30514846
650,30515311
564,30515798
617,30516112
548,30516314
584,30516605
605,30517653
590,30518186
637,30518864
601,30518919
620,30519471
633,30520130
619,30520193
636,30520279
613,30520557
616,30520737
615,30521459
632,30521545
609,30521823
629,30522630
603,30523000
635,30524212
599,30524266
640,30524449
631,30525478
617,30525540
649,30525793
611,30525904
581,30526930
645,30527059
597,30527091
607,30527170
595,30527492
627,30527978
601,30528347
593,30528357
577,30528820
633,30529559
633,30529994
605,30529996
573,30530086
647,30531141
609,30531252
561,30531627
643,30532407
593,30532839
625,30533325
655,30534045
589,30534105
569,30534532
622,30534846
651,30535311
618,30536112
549,30536314
585,30536605
606,30537653
591,30538186
638,30538864
602,30538919
634,30540130
620,30540193
614,30540557
616,30541459
633,30541545
630,30542630
604,30543000
580,30543473
636,30544212
600,30544266
632,30545478
618,30545540
650,30545793
612,30545904
582,30546930
598,30547091
608,30547170
596,30547492
628,30547978
602,30548347
578,30548820
634,30549559
606,30549996
574,30550086
648,30551141
610,30551252
602,30551262
562,30551627
644,30552407
594,30552839
656,30554045
590,30554105
570,30554532
623,30554846
652,30555311
619,30556112
586,30556605
607,30557653
592,30558186
639,30558864
603,30558919
635,30560130
621,30560193
615,30560557
618,30560737
617,30561459
634,30561545
611,30561823
631,30562630
605,30563000
581,30563473
637,30564212
601,30564266
633,30565478
619,30565540
651,30565793
613,30565904
583,30566930
647,30567059
599,30567091
609,30567170
597,30567492
629,30567978
603,30568347
593,30568758
579,30568820
635,30569559
607,30569996
575,30570086
631,30570825
649,30571141
603,30571262
563,30571627
645,30572407
595,30572839
591,30574105
571,30574532
624,30574846
653,30575311
620,30576112
551,30576314
587,30576605
608,30577653
593,30578186
640,30578864
604,30578919
655,30579392
636,30580130
622,30580193
616,30580557
618,30581459
612,30581823
632,30582630
606,30583000
582,30583473
638,30584212
602,30584266
634,30585478
620,30585540
652,30585793
614,30585904
616,30586806
584,30586930
600,30587091
610,30587170
598,30587492
630,30587978
604,30588347
580,30588820
626,30589244
636,30589559
608,30589996
576,30590086
650,30591141
590,30591258
564,30591627
646,30592407
596,30592839
592,30594105
572,30594532
625,30594846
654,30595311
568,30595798
621,30596112
552,30596314
588,30596605
609,30597653
594,30598186
641,30598864
605,30598919
637,30600130
623,30600193
640,30600279
617,30600557
619,30601459
636,30601545
613,30601823
633,30602630
607,30603000
583,30603473
639,30604212
603,30604266
635,30605478
621,30605540
653,30605793
615,30605904
585,30606930
649,30607059
601,30607091
611,30607170
599,30607492
631,30607978
605,30608347
581,30608820
637,30609559
601,30609613
577,30610086
651,30611141
613,30611252
605,30611262
565,30611627
647,30612407
597,30612839
629,30613325
593,30614105
573,30614532
626,30614846
655,30615311
569,30615798
622,30616112
553,30616314
649,30616488
589,30616605
610,30617653
595,30618186
642,30618864
606,30618919
638,30620130
624,30620193
641,30620279
618,30620557
621,30620737
620,30621459
637,30621545
588,30621583
614,30621823
634,30622630
608,30623000
584,30623473
640,30624212
604,30624266
636,30625478
622,30625540
654,30625793
616,30625904
586,30626930
650,30627059
602,30627091
612,30627170
600,30627492
621,30627656
632,30627978
606,30628347
582,30628820
638,30629559
578,30630086
634,30630825
652,30631141
566,30631627
648,30632407
598,30632839
594,30634105
574,30634532
627,30634846
656,30635311
570,30635798
623,30636112
554,30636314
590,30636605
611,30637653
596,30638186
643,30638864
607,30638919
639,30640130
625,30640193
619,30640557
622,30640737
621,30641459
638,30641545
615,30641823
635,30642630
609,30643000
585,30643473
641,30644212
605,30644266
637,30645478
623,30645540
655,30645793
617,30645904
619,30646806
587,30646930
603,30647091
613,30647170
601,30647492
633,30647978
607,30648347
599,30648357
583,30648820
577,30649184
639,30649559
579,30650086
653,30651141
567,30651627
649,30652407
599,30652839
595,30654105
575,30654532
628,30654846
571,30655798
624,30656112
555,30656314
591,30656605
589,30657584
612,30657653
597,30658186
644,30658864
608,30658919
573,30659879
640,30660130
626,30660193
620,30660557
623,30660737
622,30661459
639,30661545
616,30661823
636,30662630
610,30663000
586,30663473
642,30664212
606,30664266
638,30665478
624,30665540
656,30665793
618,30665904
638,30665913
570,30666280
588,30666930
604,30667091
614,30667170
602,30667492
634,30667978
608,30668347
584,30668820
640,30669559
580,30670086
654,30671141
568,30671627
540,30672296
650,30672407
600,30672839
578,30672912
596,30674105
582,30674168
576,30674532
629,30674846
572,30675798
625,30676112
556,30676314
592,30676605
613,30677653
598,30678186
645,30678864
609,30678919
641,30680130
627,30680193
621,30680557
623,30681459
640,30681545
617,30681823
611,30683000
587,30683473
643,30684212
607,30684266
639,30685478
625,30685540
619,30685904
589,30686930
653,30687059
605,30687091
615,30687170
603,30687492
635,30687978
609,30688347
601,30688357
585,30688820
641,30689559
581,30690086
655,30691141
617,30691252
637,30691260
569,30691627
651,30692407
601,30692839
597,30694105
577,30694532
630,30694846
573,30695798
626,30696112
557,30696314
593,30696605
614,30697653
646,30698864
610,30698919
629,30699471
628,30700193
622,30700557
624,30701459
608,30701744
618,30701823
638,30702630
612,30703000
583,30703296
588,30703473
609,30703544
644,30704212
608,30704266
640,30705478
626,30705540
620,30705904
590,30706930
606,30707091
616,30707170
604,30707492
636,30707978
602,30708357
586,30708820
642,30709559
582,30710086
656,30711141
618,30711252
570,30711627
652,30712407
602,30712839
580,30712912
598,30714105
578,30714532
631,30714846
574,30715798
627,30716112
558,30716314
594,30716605
615,30717653
647,30718864
611,30718919
576,30719879
643,30720130
629,30720193
623,30720557
625,30721459
619,30721823
639,30722630
613,30723000
589,30723473
645,30724212
609,30724266
641,30725478
627,30725540
621,30725904
623,30726806
591,30726930
607,30727091
617,30727170
605,30727492
637,30727978
603,30728357
587,30728820
581,30729184
583,30730086
619,30731252
571,30731627
653,30732407
603,30732839
599,30734105
585,30734168
579,30734532
632,30734846
575,30735798
628,30736112
559,30736314
595,30736605
616,30737653
648,30738864
612,30738919
630,30740193
624,30740557
626,30741459
643,30741545
557,30741662
620,30741823
640,30742630
614,30743000
590,30743473
646,30744212
610,30744266
586,30744739
642,30745478
628,30745540
622,30745904
592,30746930
608,30747091
618,30747170
606,30747492
638,30747978
602,30748758
588,30748820
582,30749184
644,30749559
584,30750086
620,30751252
572,30751627
654,30752407
604,30752839
568,30752893
582,30752912
600,30754105
580,30754532
633,30754846
576,30755798
629,30756112
560,30756314
596,30756605
617,30757653
649,30758864
613,30758919
631,30760193
625,30760557
627,30761459
621,30761823
641,30762630
615,30763000
591,30763473
647,30764212
611,30764266
643,30765478
629,30765540
623,30765904
625,30766806
593,30766930
609,30767091
619,30767170
607,30767492
639,30767978
613,30768347
605,30768357
589,30768820
645,30769559
585,30770086
621,30771252
573,30771627
655,30772407
605,30772839
569,30772893
601,30774105
587,30774168
581,30774532
634,30774846
577,30775798
630,30776112
561,30776314
597,30776605
571,30776975
618,30777653
650,30778864
614,30778919
632,30780193
626,30780557
628,30781459
622,30781823
616,30783000
592,30783473
648,30784212
612,30784266
644,30785478
630,30785540
624,30785904
594,30786930
620,30787170
608,30787492
640,30787978
604,30788758
590,30788820
646,30789559
586,30790086
622,30791252
574,30791627
606,30792839
602,30794105
588,30794168
582,30794532
635,30794846
578,30795798
631,30796112
562,30796314
598,30796605
619,30797653
651,30798864
615,30798919
633,30800193
627,30800557
629,30801459
623,30801823
617,30803000
593,30803473
649,30804212
613,30804266
645,30805478
631,30805540
625,30805904
595,30806930
621,30807170
609,30807492
641,30807978
615,30808347
591,30808820
587,30810086
623,30811252
575,30811627
607,30812839
571,30812893
603,30814105
589,30814168
583,30814532
636,30814846
579,30815798
632,30816112
563,30816314
599,30816605
620,30817653
605,30818186
616,30818919
634,30820193
628,30820557
630,30821459
624,30821823
618,30823000
594,30823473
650,30824212
614,30824266
646,30825478
632,30825540
626,30825904
628,30826806
596,30826930
622,30827170
610,30827492
642,30827978
616,30828347
608,30828357
592,30828820
586,30829184
648,30829559
588,30830086
624,30831252
576,30831627
620,30832518
608,30832839
572,30832893
604,30834105
590,30834168
584,30834532
637,30834846
580,30835798
633,30836112
564,30836314
600,30836605
621,30837653
617,30838919
635,30840193
629,30840557
631,30841459
625,30841823
619,30843000
595,30843473
651,30844212
615,30844266
647,30845478
633,30845540
627,30845904
579,30846280
629,30846806
597,30846930
623,30847170
611,30847492
643,30847978
617,30848347
593,30848820
587,30849184
613,30849613
589,30850086
625,30851252
577,30851627
609,30852839
573,30852893
605,30854105
585,30854532
638,30854846
581,30855798
634,30856112
565,30856314
601,30856605
622,30857653
618,30858919
636,30860193
630,30860557
632,30861459
626,30861823
620,30863000
596,30863473
652,30864212
616,30864266
634,30865540
628,30865904
598,30866930
624,30867170
612,30867492
644,30867978
608,30868758
594,30868820
588,30869184
590,30870086
626,30871252
578,30871627
550,30872296
610,30872839
574,30872893
588,30872912
606,30874105
592,30874168
586,30874532
639,30874846
582,30875798
635,30876112
566,30876314
602,30876605
623,30877653
619,30878919
637,30880193
584,30880391
631,30880557
633,30881459
627,30881823
621,30883000
597,30883473
653,30884212
617,30884266
635,30885540
629,30885904
581,30886280
631,30886806
599,30886930
615,30887091
625,30887170
613,30887492
645,30887978
619,30888347
609,30888758
595,30888820
589,30889184
591,30890086
627,30891252
605,30891258
579,30891627
611,30892839
575,30892893
589,30892912
607,30894105
587,30894532
640,30894846
583,30895798
636,30896112
567,30896314
603,30896605
624,30897653
638,30900193
632,30900557
634,30901459
628,30901823
622,30903000
598,30903473
654,30904212
618,30904266
636,30905540
630,30905904
626,30907170
614,30907492
646,30907978
610,30908758
596,30908820
590,30909184
592,30910086
628,30911252
580,30911627
612,30912839
576,30912893
590,30912912
608,30914105
588,30914532
641,30914846
584,30915798
637,30916112
568,30916314
604,30916605
625,30917653
610,30918186
621,30918919
639,30920193
633,30920557
635,30921459
629,30921823
623,30923000
599,30923473
655,30924212
619,30924266
637,30925540
631,30925904
627,30927170
615,30927492
647,30927978
621,30928347
611,30928758
597,30928820
591,30929184
643,30929244
593,30930086
629,30931252
581,30931627
553,30932296
613,30932839
577,30932893
609,30934105
589,30934532
642,30934846
585,30935798
638,30936112
569,30936314
605,30936605
626,30937653
622,30938919
587,30939879
640,30940193
634,30940557
636,30941459
630,30941823
624,30943000
600,30943473
620,30944266
638,30945540
632,30945904
584,30946280
628,30947170
616,30947492
612,30948758
598,30948820
592,30949184
594,30950086
630,30951252
582,30951627
554,30952296
614,30952839
578,30952893
592,30952912
610,30954105
590,30954532
643,30954846
586,30955798
639,30956112
570,30956314
606,30956605
566,30957580
627,30957653
584,30958623
623,30958919
588,30959879
641,30960193
588,30960391
635,30960557
637,30961459
631,30961823
625,30963000
601,30963473
621,30964266
639,30965540
633,30965904
629,30967170
617,30967492
613,30968758
599,30968820
595,30970086
589,30970450
631,30971252
583,30971627
615,30972839
579,30972893
593,30972912
619,30973259
611,30974105
591,30974532
644,30974846
587,30975798
640,30976112
571,30976314
607,30976605
628,30977653
547,30978007
613,30978186
624,30978919
642,30980193
636,30980557
638,30981459
632,30981823
626,30983000
602,30983473
622,30984266
640,30985540
634,30985904
586,30986280
630,30987170
618,30987492
624,30988347
614,30988758
600,30988820
596,30990086
632,30991252
584,30991627
556,30992296
616,30992839
580,30992893
594,30992912
612,30994105
590,30994178
592,30994532
645,30994846
588,30995798
641,30996112
572,30996314
608,30996605
629,30997653
586,30998623
625,30998919
564,31000080
643,31000193
637,31000557
639,31001459
633,31001823
627,31003000
603,31003473
623,31004266
641,31005540
635,31005904
631,31007170
619,31007492
625,31008347
601,31008820
595,31009184
597,31010086
633,31011252
611,31011258
585,31011627
557,31012296
617,31012839
581,31012893
595,31012912
621,31013259
613,31014105
593,31014532
646,31014846
589,31015798
642,31016112
573,31016314
609,31016605
630,31017653
587,31018623
626,31018919
644,31020193
638,31020557
640,31021459
634,31021823
628,31023000
604,31023473
624,31024266
642,31025540
636,31025904
588,31026280
632,31027170
620,31027492
626,31028347
602,31028820
596,31029184
598,31030086
634,31031252
586,31031627
618,31032839
582,31032893
614,31034105
594,31034532
647,31034846
590,31035798
574,31036314
610,31036605
570,31037580
631,31037653
550,31038007
588,31038623
627,31038919
645,31040193
639,31040557
641,31041459
635,31041823
629,31043000
605,31043473
625,31044266
637,31045904
633,31047170
621,31047492
585,31047546
603,31048820
597,31049184
599,31050086
577,31050967
635,31051252
587,31051627
559,31052296
619,31052839
583,31052893
615,31054105
595,31054532
648,31054846
591,31055798
575,31056314
611,31056605
632,31057653
551,31058007
617,31058186
589,31058623
628,31058919
567,31060080
646,31060193
640,31060557
642,31061459
636,31061823
630,31063000
606,31063473
626,31064266
644,31065540
638,31065904
634,31067170
622,31067492
628,31068347
618,31068758
604,31068820
600,31070086
578,31070967
588,31071627
560,31072296
632,31072518
620,31072839
584,31072893
598,31072912
616,31074105
596,31074532
592,31075798
576,31076314
612,31076605
633,31077653
618,31078186
629,31078919
647,31080193
641,31080557
643,31081459
574,31081662
637,31081823
631,31083000
607,31083473
627,31084266
603,31084739
639,31085904
591,31086280
635,31087170
623,31087492
629,31088347
605,31088820
599,31089184
601,31090086
637,31091252
589,31091627
561,31092296
621,31092839
585,31092893
617,31094105
597,31094532
593,31095798
577,31096314
613,31096605
573,31097580
634,31097653
553,31098007
630,31098919
648,31100193
642,31100557
644,31101459
632,31103000
608,31103473
628,31104266
640,31105904
592,31106280
636,31107170
624,31107492
630,31108347
606,31108820
602,31110086
580,31110967
638,31111252
590,31111627
562,31112296
622,31112839
586,31112893
618,31114105
598,31114532
594,31115798
647,31116112
578,31116314
614,31116605
635,31117653
592,31118623
631,31118919
649,31120193
643,31120557
645,31121459
639,31121823
633,31123000
609,31123473
629,31124266
641,31125904
593,31126280
643,31126806
637,31127170
625,31127492
607,31128820
601,31129184
627,31129613
603,31130086
639,31131252
591,31131627
563,31132296
623,31132839
587,31132893
619,31134105
599,31134532
595,31135798
579,31136314
615,31136605
575,31137580
636,31137653
621,31138186
632,31138919
650,31140193
644,31140557
646,31141459
640,31141823
634,31143000
610,31143473
631,31143544
630,31144266
642,31145904
594,31146280
638,31147170
626,31147492
632,31148347
622,31148758
608,31148820
602,31149184
604,31150086
592,31151627
564,31152296
624,31152839
588,31152893
560,31153562
620,31154105
600,31154532
596,31155798
580,31156314
616,31156605
637,31157653
556,31158007
622,31158186
594,31158623
633,31158919
651,31160193
645,31160557
647,31161459
641,31161823
635,31163000
611,31163473
631,31164266
643,31165904
567,31166948
639,31167170
627,31167492
633,31168347
609,31168820
603,31169184
605,31170086
641,31171252
619,31171258
593,31171627
565,31172296
625,31172839
589,31172893
621,31174105
601,31174532
654,31174846
597,31175798
581,31176314
617,31176605
577,31177580
638,31177653
557,31178007
623,31178186
634,31178919
573,31180080
652,31180193
646,31180557
648,31181459
636,31183000
612,31183473
632,31184266
644,31185904
596,31186280
640,31187170
628,31187492
610,31188820
604,31189184
606,31190086
584,31190967
594,31191627
566,31192296
626,31192839
590,31192893
622,31194105
602,31194532
598,31195798
582,31196314
618,31196605
592,31196975
639,31197653
558,31198007
635,31198919
653,31200193
647,31200557
637,31203000
613,31203473
633,31204266
609,31204739
645,31205904
641,31207170
629,31207492
635,31208347
611,31208820
605,31209184
607,31210086
585,31210967
595,31211627
567,31212296
627,31212839
591,31212893
563,31213562
623,31214105
603,31214532
599,31215798
583,31216314
619,31216605
593,31216975
579,31217580
640,31217653
559,31218007
636,31218919
575,31220080
654,31220193
648,31220557
650,31221459
638,31223000
614,31223473
634,31224266
646,31225904
642,31227170
630,31227492
612,31228820
606,31229184
608,31230086
586,31230967
622,31231258
596,31231627
568,31232296
628,31232839
592,31232893
624,31234105
604,31234532
600,31235798
584,31236314
620,31236605
580,31237580
641,31237653
637,31238919
655,31240193
649,31240557
582,31241662
639,31243000
615,31243473
635,31244266
647,31245904
643,31247170
631,31247492
613,31248820
607,31249184
609,31250086
573,31250406
597,31251627
569,31252296
629,31252839
593,31252893
625,31254105
605,31254532
553,31255103
591,31255719
601,31255798
585,31256314
621,31256605
642,31257653
561,31258007
627,31258186
638,31258919
640,31263000
616,31263473
636,31264266
648,31265904
644,31267170
632,31267492
638,31268347
614,31268820
608,31269184
610,31270086
598,31271627
570,31272296
630,31272839
594,31272893
566,31273562
626,31274105
606,31274532
554,31275103
592,31275719
602,31275798
586,31276314
622,31276605
582,31277580
643,31277653
562,31278007
639,31278919
653,31281459
641,31283000
617,31283473
637,31284266
649,31285904
601,31286280
645,31287170
633,31287492
615,31288820
609,31289184
611,31290086
589,31290967
599,31291627
571,31292296
631,31292839
595,31292893
567,31293562
627,31294105
607,31294532
603,31295798
587,31296314
623,31296605
644,31297653
563,31298007
629,31298186
640,31298919
559,31299273
579,31300080
642,31303000
618,31303473
638,31304266
650,31305904
646,31307170
634,31307492
640,31308347
616,31308820
612,31310086
626,31311258
600,31311627
572,31312296
632,31312839
596,31312893
628,31314105
608,31314532
556,31315103
604,31315798
588,31316314
624,31316605
598,31316975
584,31317580
645,31317653
564,31318007
630,31318186
580,31320080
643,31323000
619,31323473
639,31324266
651,31325904
635,31327492
631,31328758
617,31328820
611,31329184
613,31330086
591,31330967
601,31331627
573,31332296
633,31332839
597,31332893
569,31333562
629,31334105
609,31334532
605,31335798
589,31336314
625,31336605
585,31337580
646,31337653
565,31338007
631,31338186
607,31339879
581,31340080
654,31340557
650,31341823
644,31343000
620,31343473
640,31344266
652,31345904
636,31347492
618,31348820
612,31349184
614,31350086
602,31351627
574,31352296
634,31352839
598,31352893
630,31354105
610,31354532
596,31355719
606,31355798
590,31356314
626,31356605
566,31358007
645,31363000
621,31363473
641,31364266
617,31364739
653,31365904
605,31366280
619,31368820
613,31369184
615,31370086
593,31370967
603,31371627
575,31372296
635,31372839
599,31372893
631,31374105
617,31374168
611,31374532
607,31375798
591,31376314
627,31376605
567,31378007
646,31383000
622,31383473
642,31384266
606,31386280
650,31387170
638,31387492
620,31388820
614,31389184
616,31390086
604,31391627
576,31392296
636,31392839
600,31392893
572,31393562
632,31394105
612,31394532
560,31395103
608,31395798
592,31396314
628,31396605
649,31397653
568,31398007
647,31403000
623,31403473
643,31404266
607,31406280
621,31408820
615,31409184
617,31410086
581,31410406
595,31410967
605,31411627
577,31412296
637,31412839
601,31412893
633,31414105
613,31414532
609,31415798
593,31416314
629,31416605
589,31417580
650,31417653
569,31418007
648,31423000
624,31423473
644,31424266
608,31426280
652,31427170
646,31428347
622,31428820
616,31429184
618,31430086
606,31431627
578,31432296
572,31432660
638,31432839
602,31432893
550,31432964
620,31434168
614,31434532
562,31435103
610,31435798
594,31436314
630,31436605
570,31438007
649,31443000
625,31443473
645,31444266
623,31448820
617,31449184
619,31450086
607,31451627
579,31452296
603,31452893
551,31452964
635,31454105
615,31454532
611,31455798
595,31456314
631,31456605
591,31457580
571,31458007
587,31460080
650,31463000
626,31463473
646,31464266
624,31468820
618,31469184
620,31470086
608,31471627
580,31472296
604,31472893
636,31474105
616,31474532
564,31475103
612,31475798
596,31476314
632,31476605
572,31478007
638,31478186
651,31483000
627,31483473
647,31484266
611,31486280
607,31487546
625,31488820
619,31489184
621,31490086
609,31491627
581,31492296
605,31492893
637,31494105
617,31494532
565,31495103
613,31495798
597,31496314
633,31496605
593,31497580
573,31498007
652,31503000
628,31503473
648,31504266
612,31506280
626,31508820
620,31509184
622,31510086
600,31510967
610,31511627
582,31512296
606,31512893
554,31512964
578,31513562
618,31514532
566,31515103
614,31515798
598,31516314
574,31518007
570,31519273
653,31523000
629,31523473
649,31524266
613,31526280
627,31528820
621,31529184
623,31530086
601,31530967
611,31531627
583,31532296
607,31532893
555,31532964
579,31533562
625,31534168
619,31534532
615,31535798
599,31536314
563,31536369
575,31538007
630,31543473
614,31546280
628,31548820
622,31549184
624,31550086
618,31550450
602,31550967
612,31551627
584,31552296
608,31552893
620,31554532
568,31555103
616,31555798
600,31556314
610,31556975
576,31558007
631,31563473
615,31566280
629,31568820
623,31569184
625,31570086
603,31570967
613,31571627
585,31572296
609,31572893
557,31572964
621,31574532
569,31575103
617,31575798
601,31576314
577,31578007
573,31579273
632,31583473
616,31586280
630,31588820
624,31589184
626,31590086
604,31590967
614,31591627
586,31592296
610,31592893
558,31592964
582,31593562
622,31594532
570,31595103
618,31595798
602,31596314
566,31596369
578,31598007
620,31599879
633,31603473
617,31606280
631,31608820
625,31609184
627,31610086
605,31610967
615,31611627
587,31612296
611,31612893
559,31612964
583,31613562
623,31614532
571,31615103
619,31615798
603,31616314
567,31616369
579,31618007
575,31619273
634,31623473
632,31628820
626,31629184
628,31630086
606,31630967
616,31631627
588,31632296
612,31632893
560,31632964
624,31634532
572,31635103
620,31635798
604,31636314
568,31636369
580,31638007
633,31648820
627,31649184
629,31650086
607,31650967
617,31651627
589,31652296
613,31652893
561,31652964
625,31654532
573,31655103
621,31655798
605,31656314
581,31658007
577,31659273
620,31666280
592,31666948
634,31668820
628,31669184
630,31670086
618,31671627
590,31672296
614,31672893
562,31672964
586,31673562
626,31674532
574,31675103
622,31675798
606,31676314
584,31676387
582,31678007
621,31686280
635,31688820
631,31690086
609,31690967
619,31691627
591,31692296
615,31692893
563,31692964
627,31694532
575,31695103
623,31695798
607,31696314
583,31698007
622,31706280
636,31708820
630,31709184
632,31710086
610,31710967
620,31711627
592,31712296
616,31712893
564,31712964
628,31714532
576,31715103
624,31715798
608,31716314
572,31716369
556,31716730
584,31718007
623,31726280
637,31728820
633,31730086
611,31730967
621,31731627
593,31732296
617,31732893
565,31732964
629,31734532
577,31735103
625,31735798
609,31736314
573,31736369
605,31737580
585,31738007
581,31739273
624,31746280
638,31748820
632,31749184
634,31750086
622,31751627
594,31752296
588,31752660
618,31752893
566,31752964
630,31754532
578,31755103
626,31755798
610,31756314
586,31758007
582,31759273
633,31769184
613,31770967
623,31771627
595,31772296
619,31772893
567,31772964
631,31774532
579,31775103
627,31775798
611,31776314
575,31776369
587,31778007
626,31786280
570,31787617
552,31788945
634,31789184
630,31790450
614,31790967
624,31791627
596,31792296
620,31792893
568,31792964
632,31794532
580,31795103
628,31795798
612,31796314
576,31796369
588,31798007
627,31806280
635,31809184
615,31810967
625,31811627
597,31812296
621,31812893
569,31812964
633,31814532
581,31815103
629,31815798
613,31816314
577,31816369
589,31818007
585,31819273
628,31826280
624,31827546
638,31830086
626,31831627
598,31832296
622,31832893
570,31832964
634,31834532
582,31835103
630,31835798
614,31836314
578,31836369
590,31838007
629,31846280
617,31850967
627,31851627
599,31852296
623,31852893
571,31852964
635,31854532
583,31855103
631,31855798
615,31856314
579,31856369
625,31856975
591,31858007
587,31859273
630,31866280
618,31870967
628,31871627
600,31872296
624,31872893
572,31872964
636,31874532
584,31875103
632,31875798
616,31876314
592,31878007
603,31886948
619,31890967
629,31891627
601,31892296
625,31892893
573,31892964
597,31893562
637,31894532
585,31895103
633,31895798
617,31896314
581,31896369
593,31898007
632,31906280
630,31911627
602,31912296
626,31912893
574,31912964
638,31914532
586,31915103
634,31915798
618,31916314
594,31918007
633,31926280
605,31926948
559,31928945
631,31931627
603,31932296
627,31932893
575,31932964
587,31935103
635,31935798
619,31936314
583,31936369
615,31937580
560,31948945
622,31950967
632,31951627
604,31952296
628,31952893
576,31952964
588,31955103
620,31956314
616,31957580
596,31958007
623,31970967
633,31971627
605,31972296
599,31972660
629,31972893
577,31972964
589,31975103
621,31976314
617,31977580
597,31978007
634,31991627
606,31992296
630,31992893
578,31992964
602,31993562
574,31994230
590,31995103
622,31996314
598,31998007
563,32008945
635,32011627
607,32012296
631,32012893
579,32012964
591,32015103
623,32016314
619,32017580
599,32018007
615,32020080
564,32028945
636,32031627
608,32032296
580,32032964
556,32034657
592,32035103
624,32036314
600,32038007
565,32048945
637,32051627
609,32052296
633,32052893
581,32052964
557,32054657
593,32055103
625,32056314
589,32056369
601,32058007
638,32071627
610,32072296
634,32072893
582,32072964
626,32076314
590,32076369
574,32076730
602,32078007
613,32086948
585,32087617
611,32092296
583,32092964
595,32095103
603,32098007
614,32106948
568,32108945
612,32112296
606,32112660
584,32112964
608,32113562
624,32117580
604,32118007
615,32126948
569,32128945
613,32132296
585,32132964
609,32133562
597,32135103
605,32138007
621,32140080
614,32152296
586,32152964
610,32153562
598,32155103
606,32158007
571,32168945
615,32172296
587,32172964
611,32173562
563,32174657
595,32176369
607,32178007
572,32188945
616,32192296
588,32192964
612,32193562
564,32194657
600,32195103
608,32198007
573,32208945
557,32211752
617,32212296
589,32212964
565,32214657
601,32215103
609,32218007
574,32228945
570,32230211
618,32232296
590,32232964
614,32233562
566,32234657
602,32235103
610,32238007
575,32248945
619,32252296
591,32252964
567,32254657
603,32255103
611,32258007
578,32263598
576,32268945
572,32270211
620,32272296
616,32273562
568,32274657
604,32275103
612,32278007
577,32288945
621,32292296
593,32292964
569,32294657
605,32295103
613,32298007
578,32308945
622,32312296
594,32312964
570,32314657
606,32315103
614,32318007
551,32324823
579,32328945
563,32331752
623,32332296
617,32332660
595,32332964
619,32333562
571,32334657
603,32336369
615,32338007
552,32344823
580,32348945
576,32350211
564,32351752
624,32352296
596,32352964
570,32354303
572,32354657
608,32355103
616,32358007
581,32368945
565,32371752
625,32372296
597,32372964
573,32374657
609,32375103
605,32376369
554,32384823
582,32388945
598,32392964
622,32393562
610,32395103
618,32398007
579,32410211
599,32412964
623,32413562
575,32414657
611,32415103
619,32418007
556,32424823
584,32428945
568,32431752
600,32432964
576,32434657
612,32435103
620,32438007
557,32444823
585,32448945
569,32451752
601,32452964
577,32454657
613,32455103
573,32455923
621,32458007
617,32459273
570,32471752
602,32472964
578,32474657
614,32475103
610,32476369
622,32478007
559,32484823
587,32488945
571,32491752
603,32492964
579,32494657
615,32495103
623,32498007
560,32504823
584,32510211
604,32512964
580,32514657
616,32515103
624,32518007
561,32524823
607,32527617
573,32531752
605,32532964
617,32535103
613,32536369
625,32538007
562,32544823
590,32548945
620,32549755
574,32551752
606,32552964
582,32554657
618,32555103
626,32558007
563,32564823
575,32571752
607,32572964
619,32575103
627,32578007
576,32591752
608,32592964
584,32594657
580,32595923
565,32604823
611,32607617
593,32608945
577,32611752
609,32612964
621,32615103
566,32624823
612,32627617
594,32628945
610,32632964
606,32634230
586,32634657
622,32635103
567,32644823
611,32652964
575,32653018
623,32655103
568,32664823
614,32667617
596,32668945
612,32672964
569,32684823
597,32688945
613,32692964
625,32695103
621,32696369
554,32700805
570,32704823
598,32708945
582,32711752
614,32712964
571,32724823
599,32728945
615,32732964
572,32744823
600,32748945
616,32752964
573,32764823
601,32768945
617,32772964
609,32776730
574,32784823
620,32787617
602,32788945
598,32790211
618,32792964
582,32793018
575,32804823
603,32808945
597,32809309
587,32811752
595,32814657
576,32824823
604,32828945
620,32832964
577,32844823
569,32848589
597,32854657
578,32864823
606,32868945
579,32884823
607,32888945
580,32904823
608,32908945
600,32914657
565,32920805
581,32924823
557,32926516
597,32935923
617,32936730
582,32944823
610,32948945
567,32960805
612,32988945
604,32994657
569,33000805
585,33004823
613,33008945
605,33014657
570,33020805
586,33024823
614,33028945
610,33030211
606,33034657
571,33040805
587,33044823
547,33046987
615,33048945
607,33054657
572,33060805
556,33063612
573,33080805
589,33084823
549,33086987
605,33095923
550,33106987
618,33108945
575,33120805
619,33128945
611,33134657
576,33140805
592,33144823
604,33151752
612,33154657
561,33163612
593,33164823
607,33166405
569,33166516
613,33174657
570,33186516
595,33204823
571,33206516
607,33211752
596,33224823
616,33234657
599,33239476
597,33244823
609,33251752
582,33260805
566,33263612
598,33264823
574,33266516
558,33266987
610,33271752
567,33283612
599,33284823
575,33286516
559,33286987
611,33291752
600,33304823
576,33306516
560,33306987
620,33314657
569,33323612
601,33324823
561,33326987
613,33331752
586,33340805
602,33344823
562,33346987
614,33351752
587,33360805
603,33364823
563,33366987
615,33371752
604,33384823
573,33403612
605,33404823
565,33406987
617,33411752
606,33424823
607,33444823
567,33446987
576,33463612
568,33466987
544,33468680
609,33484823
569,33486987
610,33504823
570,33506987
571,33526987
612,33544823
572,33546987
576,33581639
599,33600805
616,33624823
576,33626987
601,33640805
579,33641639
577,33646987
602,33660805
586,33663612
563,33682968
565,33722968
581,33726987
606,33740805
607,33760805
600,33786516
560,33788680
569,33802968
570,33822968
602,33826516
595,33843612
612,33860805
604,33866516
614,33900805
607,33926516
576,33942968
608,33946516
592,33946987
602,33983612
594,33986987
595,34006987
596,34026987
598,34066987
599,34086987
601,34126987
577,34128680
586,34142968
602,34146987
571,34165775
603,34166987
572,34185775
605,34206987
608,34221639
607,34246987
593,34282968
573,34287041
562,34288542
613,34366987
569,34428542
570,34448542
602,34462968
605,34477621
574,34528542
588,34587041
602,34628680
604,34668680
605,34688680
569,34744524
588,34808542
589,34828542
612,34828680
549,34830706
577,34904524
561,35070706
602,35088542
563,35110706
564,35130706
565,35150706
567,35190706
569,35230706
549,35469494
595,35750706
557,35895570
586,36133664
569,36511428
589,36535570
552,36673432
597,36695570
599,36735570
560,36833432
567,36973432
567,37566387
569,37874888
603,38554888
556,39804869
562,40081965
596,40242344
557,40265719
594,41005719
